id	yob	age	gender	total_time	i	target	accept	rt	upper_time	lower_time
GVH1BZ	2000	24	férfi	572051	8	pámen	TRUE	3760	892650.628	-168238.62800000003
GVH1BZ	2000	24	férfi	572051	16	bojex	TRUE	2921	892650.628	-168238.62800000003
GVH1BZ	2000	24	férfi	572051	21	pofszett	TRUE	3761	892650.628	-168238.62800000003
GVH1BZ	2000	24	férfi	572051	22	kamesz	TRUE	3816	892650.628	-168238.62800000003
GVH1BZ	2000	24	férfi	572051	27	kampesz	TRUE	3156	892650.628	-168238.62800000003
GVH1BZ	2000	24	férfi	572051	28	hókens	FALSE	3199	892650.628	-168238.62800000003
GVH1BZ	2000	24	férfi	572051	35	pódens	FALSE	3918	892650.628	-168238.62800000003
GVH1BZ	2000	24	férfi	572051	38	pofszett	TRUE	3740	892650.628	-168238.62800000003
GVH1BZ	2000	24	férfi	572051	39	bralek	TRUE	3148	892650.628	-168238.62800000003
GVH1BZ	2000	24	férfi	572051	44	takkesz	TRUE	3406	892650.628	-168238.62800000003
GVH1BZ	2000	24	férfi	572051	47	slotens	TRUE	1462	892650.628	-168238.62800000003
GVH1BZ	2000	24	férfi	572051	48	rojett	TRUE	1992	892650.628	-168238.62800000003
GVH1BZ	2000	24	férfi	572051	49	bachesz	TRUE	2195	892650.628	-168238.62800000003
GVH1BZ	2000	24	férfi	572051	51	ojett	FALSE	2482	892650.628	-168238.62800000003
GVH1BZ	2000	24	férfi	572051	52	pámen	FALSE	3064	892650.628	-168238.62800000003
GVH1BZ	2000	24	férfi	572051	53	kranel	FALSE	3498	892650.628	-168238.62800000003
GVH1BZ	2000	24	férfi	572051	56	suter	FALSE	1791	892650.628	-168238.62800000003
GVH1BZ	2000	24	férfi	572051	58	gortesz	FALSE	3570	892650.628	-168238.62800000003
GVH1BZ	2000	24	férfi	572051	60	sapec	TRUE	3641	892650.628	-168238.62800000003
GVH1BZ	2000	24	férfi	572051	62	bojex	FALSE	3313	892650.628	-168238.62800000003
GVH1BZ	2000	24	férfi	572051	66	hacel	TRUE	1969	892650.628	-168238.62800000003
GVH1BZ	2000	24	férfi	572051	67	sapec	TRUE	2593	892650.628	-168238.62800000003
GVH1BZ	2000	24	férfi	572051	68	pódens	TRUE	2605	892650.628	-168238.62800000003
GVH1BZ	2000	24	férfi	572051	70	hodel	TRUE	1691	892650.628	-168238.62800000003
GVH1BZ	2000	24	férfi	572051	72	tosztem	TRUE	2183	892650.628	-168238.62800000003
GVH1BZ	2000	24	férfi	572051	75	kamesz	TRUE	1664	892650.628	-168238.62800000003
GVH1BZ	2000	24	férfi	572051	76	vódett	FALSE	2365	892650.628	-168238.62800000003
GVH1BZ	2000	24	férfi	572051	83	plosztem	FALSE	1471	892650.628	-168238.62800000003
GVH1BZ	2000	24	férfi	572051	84	suter	TRUE	1897	892650.628	-168238.62800000003
GVH1BZ	2000	24	férfi	572051	85	hodel	FALSE	3044	892650.628	-168238.62800000003
GVH1BZ	2000	24	férfi	572051	86	kranel	TRUE	3906	892650.628	-168238.62800000003
GVH1BZ	2000	24	férfi	572051	89	sudel	TRUE	1464	892650.628	-168238.62800000003
GVH1BZ	2000	24	férfi	572051	90	bondett	FALSE	1616	892650.628	-168238.62800000003
GVH1BZ	2000	24	férfi	572051	91	forrel	FALSE	2591	892650.628	-168238.62800000003
GVH1BZ	2000	24	férfi	572051	92	hacel	FALSE	2585	892650.628	-168238.62800000003
GVH1BZ	2000	24	férfi	572051	93	kajler	TRUE	3402	892650.628	-168238.62800000003
GVH1BZ	2000	24	férfi	572051	95	kampesz	TRUE	1434	892650.628	-168238.62800000003
GVH1BZ	2000	24	férfi	572051	97	bórcer	FALSE	1848	892650.628	-168238.62800000003
GVH1BZ	2000	24	férfi	572051	98	szkatyec	FALSE	3227	892650.628	-168238.62800000003
GVH1BZ	2000	24	férfi	572051	99	bachesz	FALSE	3267	892650.628	-168238.62800000003
GVH1BZ	2000	24	férfi	572051	100	trumlex	FALSE	3437	892650.628	-168238.62800000003
VMQ5TC	2004	20	f	16795	1	sudel	TRUE	50	892650.628	-168238.62800000003
VMQ5TC	2004	20	f	16795	2	suter	FALSE	94	892650.628	-168238.62800000003
VMQ5TC	2004	20	f	16795	3	ojett	FALSE	120	892650.628	-168238.62800000003
VMQ5TC	2004	20	f	16795	4	kojex	TRUE	27	892650.628	-168238.62800000003
VMQ5TC	2004	20	f	16795	5	rojett	FALSE	99	892650.628	-168238.62800000003
VMQ5TC	2004	20	f	16795	6	kranel	FALSE	73	892650.628	-168238.62800000003
VMQ5TC	2004	20	f	16795	7	pódens	TRUE	5	892650.628	-168238.62800000003
VMQ5TC	2004	20	f	16795	8	vódett	FALSE	118	892650.628	-168238.62800000003
VMQ5TC	2004	20	f	16795	9	kranel	FALSE	84	892650.628	-168238.62800000003
VMQ5TC	2004	20	f	16795	10	kamesz	FALSE	49	892650.628	-168238.62800000003
VMQ5TC	2004	20	f	16795	11	bórcer	FALSE	106	892650.628	-168238.62800000003
VMQ5TC	2004	20	f	16795	12	flotek	FALSE	86	892650.628	-168238.62800000003
VMQ5TC	2004	20	f	16795	14	kokker	TRUE	951	892650.628	-168238.62800000003
VMQ5TC	2004	20	f	16795	15	daken	FALSE	323	892650.628	-168238.62800000003
VMQ5TC	2004	20	f	16795	16	bojex	TRUE	47	892650.628	-168238.62800000003
VMQ5TC	2004	20	f	16795	17	bálen	FALSE	92	892650.628	-168238.62800000003
VMQ5TC	2004	20	f	16795	18	mojem	TRUE	18	892650.628	-168238.62800000003
VMQ5TC	2004	20	f	16795	19	tosztem	FALSE	48	892650.628	-168238.62800000003
VMQ5TC	2004	20	f	16795	20	saklek	TRUE	164	892650.628	-168238.62800000003
VMQ5TC	2004	20	f	16795	21	kumek	TRUE	161	892650.628	-168238.62800000003
VMQ5TC	2004	20	f	16795	22	baktec	FALSE	3	892650.628	-168238.62800000003
VMQ5TC	2004	20	f	16795	23	kampesz	TRUE	2	892650.628	-168238.62800000003
VMQ5TC	2004	20	f	16795	24	próngem	TRUE	129	892650.628	-168238.62800000003
VMQ5TC	2004	20	f	16795	25	dubex	TRUE	59	892650.628	-168238.62800000003
VMQ5TC	2004	20	f	16795	26	saklek	TRUE	275	892650.628	-168238.62800000003
VMQ5TC	2004	20	f	16795	27	trumlex	FALSE	58	892650.628	-168238.62800000003
VMQ5TC	2004	20	f	16795	28	suter	FALSE	100	892650.628	-168238.62800000003
VMQ5TC	2004	20	f	16795	29	slotens	FALSE	426	892650.628	-168238.62800000003
VMQ5TC	2004	20	f	16795	30	voglens	TRUE	449	892650.628	-168238.62800000003
VMQ5TC	2004	20	f	16795	31	voglens	TRUE	104	892650.628	-168238.62800000003
VMQ5TC	2004	20	f	16795	32	gortesz	TRUE	12	892650.628	-168238.62800000003
VMQ5TC	2004	20	f	16795	33	forrel	TRUE	105	892650.628	-168238.62800000003
VMQ5TC	2004	20	f	16795	34	tosztem	FALSE	47	892650.628	-168238.62800000003
VMQ5TC	2004	20	f	16795	35	tokex	TRUE	27	892650.628	-168238.62800000003
VMQ5TC	2004	20	f	16795	36	ubrem	FALSE	11	892650.628	-168238.62800000003
VMQ5TC	2004	20	f	16795	37	pofszett	FALSE	7	892650.628	-168238.62800000003
VMQ5TC	2004	20	f	16795	38	daken	FALSE	19	892650.628	-168238.62800000003
VMQ5TC	2004	20	f	16795	39	pódens	TRUE	120	892650.628	-168238.62800000003
VMQ5TC	2004	20	f	16795	40	bralek	TRUE	77	892650.628	-168238.62800000003
VMQ5TC	2004	20	f	16795	41	slotens	TRUE	173	892650.628	-168238.62800000003
VMQ5TC	2004	20	f	16795	42	bachesz	FALSE	35	892650.628	-168238.62800000003
VMQ5TC	2004	20	f	16795	43	szkatyec	FALSE	43	892650.628	-168238.62800000003
VMQ5TC	2004	20	f	16795	44	szláken	FALSE	141	892650.628	-168238.62800000003
VMQ5TC	2004	20	f	16795	45	moplec	TRUE	33	892650.628	-168238.62800000003
VMQ5TC	2004	20	f	16795	46	kojex	FALSE	134	892650.628	-168238.62800000003
VMQ5TC	2004	20	f	16795	47	hodel	TRUE	26	892650.628	-168238.62800000003
VMQ5TC	2004	20	f	16795	48	bondett	FALSE	63	892650.628	-168238.62800000003
VMQ5TC	2004	20	f	16795	49	tokex	TRUE	8	892650.628	-168238.62800000003
VMQ5TC	2004	20	f	16795	50	stokler	FALSE	2	892650.628	-168238.62800000003
VMQ5TC	2004	20	f	16795	51	plosztem	TRUE	111	892650.628	-168238.62800000003
VMQ5TC	2004	20	f	16795	52	szkatyec	FALSE	61	892650.628	-168238.62800000003
VMQ5TC	2004	20	f	16795	53	gortesz	FALSE	93	892650.628	-168238.62800000003
VMQ5TC	2004	20	f	16795	54	kokker	FALSE	82	892650.628	-168238.62800000003
VMQ5TC	2004	20	f	16795	55	laben	TRUE	53	892650.628	-168238.62800000003
VMQ5TC	2004	20	f	16795	56	próngem	TRUE	58	892650.628	-168238.62800000003
VMQ5TC	2004	20	f	16795	57	hókens	TRUE	165	892650.628	-168238.62800000003
VMQ5TC	2004	20	f	16795	58	bralek	FALSE	15	892650.628	-168238.62800000003
VMQ5TC	2004	20	f	16795	59	pratec	TRUE	303	892650.628	-168238.62800000003
VMQ5TC	2004	20	f	16795	60	ojett	TRUE	4	892650.628	-168238.62800000003
VMQ5TC	2004	20	f	16795	61	plosztem	TRUE	501	892650.628	-168238.62800000003
VMQ5TC	2004	20	f	16795	62	hodel	FALSE	182	892650.628	-168238.62800000003
VMQ5TC	2004	20	f	16795	63	rojett	FALSE	102	892650.628	-168238.62800000003
VMQ5TC	2004	20	f	16795	64	kacsek	TRUE	174	892650.628	-168238.62800000003
VMQ5TC	2004	20	f	16795	65	ubrem	FALSE	86	892650.628	-168238.62800000003
VMQ5TC	2004	20	f	16795	66	bórcer	TRUE	76	892650.628	-168238.62800000003
VMQ5TC	2004	20	f	16795	67	laben	FALSE	6	892650.628	-168238.62800000003
VMQ5TC	2004	20	f	16795	68	kacsek	FALSE	83	892650.628	-168238.62800000003
VMQ5TC	2004	20	f	16795	69	kamesz	FALSE	3	892650.628	-168238.62800000003
VMQ5TC	2004	20	f	16795	70	kampesz	FALSE	141	892650.628	-168238.62800000003
VMQ5TC	2004	20	f	16795	71	kajler	TRUE	649	892650.628	-168238.62800000003
VMQ5TC	2004	20	f	16795	72	kumek	FALSE	131	892650.628	-168238.62800000003
VMQ5TC	2004	20	f	16795	73	pratec	FALSE	101	892650.628	-168238.62800000003
VMQ5TC	2004	20	f	16795	74	loftvens	TRUE	165	892650.628	-168238.62800000003
VMQ5TC	2004	20	f	16795	75	loftvens	FALSE	100	892650.628	-168238.62800000003
VMQ5TC	2004	20	f	16795	76	szláken	TRUE	27	892650.628	-168238.62800000003
VMQ5TC	2004	20	f	16795	77	vódett	FALSE	21	892650.628	-168238.62800000003
VMQ5TC	2004	20	f	16795	78	trumlex	FALSE	119	892650.628	-168238.62800000003
VMQ5TC	2004	20	f	16795	79	stokler	TRUE	2	892650.628	-168238.62800000003
VMQ5TC	2004	20	f	16795	80	sapec	FALSE	260	892650.628	-168238.62800000003
VMQ5TC	2004	20	f	16795	81	mojem	TRUE	151	892650.628	-168238.62800000003
VMQ5TC	2004	20	f	16795	82	hókens	FALSE	153	892650.628	-168238.62800000003
VMQ5TC	2004	20	f	16795	83	moplec	FALSE	171	892650.628	-168238.62800000003
VMQ5TC	2004	20	f	16795	84	pámen	FALSE	104	892650.628	-168238.62800000003
VMQ5TC	2004	20	f	16795	85	pofszett	FALSE	10	892650.628	-168238.62800000003
VMQ5TC	2004	20	f	16795	86	baktec	TRUE	188	892650.628	-168238.62800000003
VMQ5TC	2004	20	f	16795	87	kajler	FALSE	85	892650.628	-168238.62800000003
VMQ5TC	2004	20	f	16795	88	sapec	TRUE	104	892650.628	-168238.62800000003
VMQ5TC	2004	20	f	16795	89	pámen	FALSE	118	892650.628	-168238.62800000003
VMQ5TC	2004	20	f	16795	90	bondett	FALSE	196	892650.628	-168238.62800000003
VMQ5TC	2004	20	f	16795	91	hacel	FALSE	50	892650.628	-168238.62800000003
VMQ5TC	2004	20	f	16795	92	takkesz	FALSE	26	892650.628	-168238.62800000003
VMQ5TC	2004	20	f	16795	93	flotek	FALSE	57	892650.628	-168238.62800000003
VMQ5TC	2004	20	f	16795	94	bálen	FALSE	12	892650.628	-168238.62800000003
VMQ5TC	2004	20	f	16795	95	sudel	FALSE	53	892650.628	-168238.62800000003
VMQ5TC	2004	20	f	16795	96	takkesz	FALSE	140	892650.628	-168238.62800000003
VMQ5TC	2004	20	f	16795	97	hacel	FALSE	483	892650.628	-168238.62800000003
VMQ5TC	2004	20	f	16795	98	forrel	FALSE	10	892650.628	-168238.62800000003
VMQ5TC	2004	20	f	16795	99	dubex	FALSE	118	892650.628	-168238.62800000003
VMQ5TC	2004	20	f	16795	100	bachesz	FALSE	522	892650.628	-168238.62800000003
O69I3D	2007	17	n	455687	3	suter	TRUE	3804	892650.628	-168238.62800000003
O69I3D	2007	17	n	455687	6	pratec	TRUE	2939	892650.628	-168238.62800000003
O69I3D	2007	17	n	455687	7	rojett	TRUE	2895	892650.628	-168238.62800000003
O69I3D	2007	17	n	455687	10	hacel	TRUE	2536	892650.628	-168238.62800000003
O69I3D	2007	17	n	455687	11	hókens	FALSE	3014	892650.628	-168238.62800000003
O69I3D	2007	17	n	455687	12	kojex	TRUE	2847	892650.628	-168238.62800000003
O69I3D	2007	17	n	455687	15	takkesz	TRUE	3809	892650.628	-168238.62800000003
O69I3D	2007	17	n	455687	17	bachesz	TRUE	3241	892650.628	-168238.62800000003
O69I3D	2007	17	n	455687	18	bálen	TRUE	3502	892650.628	-168238.62800000003
O69I3D	2007	17	n	455687	21	bálen	TRUE	3962	892650.628	-168238.62800000003
O69I3D	2007	17	n	455687	22	tokex	TRUE	3810	892650.628	-168238.62800000003
O69I3D	2007	17	n	455687	28	hodel	FALSE	2612	892650.628	-168238.62800000003
O69I3D	2007	17	n	455687	31	loftvens	FALSE	3756	892650.628	-168238.62800000003
O69I3D	2007	17	n	455687	33	szkatyec	TRUE	3478	892650.628	-168238.62800000003
O69I3D	2007	17	n	455687	35	bondett	TRUE	2620	892650.628	-168238.62800000003
O69I3D	2007	17	n	455687	37	kamesz	FALSE	2478	892650.628	-168238.62800000003
O69I3D	2007	17	n	455687	38	mojem	FALSE	2999	892650.628	-168238.62800000003
O69I3D	2007	17	n	455687	42	laben	TRUE	3213	892650.628	-168238.62800000003
O69I3D	2007	17	n	455687	43	vódett	TRUE	3784	892650.628	-168238.62800000003
O69I3D	2007	17	n	455687	44	mojem	TRUE	2744	892650.628	-168238.62800000003
O69I3D	2007	17	n	455687	45	voglens	FALSE	2295	892650.628	-168238.62800000003
O69I3D	2007	17	n	455687	46	hókens	FALSE	3364	892650.628	-168238.62800000003
O69I3D	2007	17	n	455687	48	flotek	TRUE	3816	892650.628	-168238.62800000003
O69I3D	2007	17	n	455687	49	forrel	TRUE	2052	892650.628	-168238.62800000003
O69I3D	2007	17	n	455687	52	bórcer	TRUE	2689	892650.628	-168238.62800000003
O69I3D	2007	17	n	455687	53	kampesz	TRUE	1803	892650.628	-168238.62800000003
O69I3D	2007	17	n	455687	54	pratec	TRUE	2446	892650.628	-168238.62800000003
O69I3D	2007	17	n	455687	56	stokler	FALSE	2264	892650.628	-168238.62800000003
O69I3D	2007	17	n	455687	57	plosztem	FALSE	3431	892650.628	-168238.62800000003
O69I3D	2007	17	n	455687	59	kajler	TRUE	3537	892650.628	-168238.62800000003
O69I3D	2007	17	n	455687	60	gortesz	FALSE	3214	892650.628	-168238.62800000003
O69I3D	2007	17	n	455687	62	kumek	TRUE	2045	892650.628	-168238.62800000003
O69I3D	2007	17	n	455687	66	dubex	FALSE	2867	892650.628	-168238.62800000003
O69I3D	2007	17	n	455687	67	sudel	FALSE	3125	892650.628	-168238.62800000003
O69I3D	2007	17	n	455687	68	kranel	TRUE	3376	892650.628	-168238.62800000003
O69I3D	2007	17	n	455687	70	bralek	TRUE	2791	892650.628	-168238.62800000003
O69I3D	2007	17	n	455687	72	moplec	FALSE	2354	892650.628	-168238.62800000003
O69I3D	2007	17	n	455687	75	forrel	FALSE	3286	892650.628	-168238.62800000003
O69I3D	2007	17	n	455687	80	suter	FALSE	3149	892650.628	-168238.62800000003
O69I3D	2007	17	n	455687	81	kacsek	TRUE	2181	892650.628	-168238.62800000003
O69I3D	2007	17	n	455687	82	kranel	TRUE	2108	892650.628	-168238.62800000003
O69I3D	2007	17	n	455687	86	pámen	FALSE	2595	892650.628	-168238.62800000003
O69I3D	2007	17	n	455687	89	ubrem	FALSE	2956	892650.628	-168238.62800000003
O69I3D	2007	17	n	455687	90	ojett	FALSE	3101	892650.628	-168238.62800000003
O69I3D	2007	17	n	455687	93	kajler	FALSE	3313	892650.628	-168238.62800000003
O69I3D	2007	17	n	455687	94	slotens	FALSE	2493	892650.628	-168238.62800000003
O69I3D	2007	17	n	455687	95	pofszett	FALSE	3450	892650.628	-168238.62800000003
O69I3D	2007	17	n	455687	100	kokker	TRUE	2479	892650.628	-168238.62800000003
GQ15XI	2003	21	n	176853	7	kacsek	FALSE	3354	892650.628	-168238.62800000003
GQ15XI	2003	21	n	176853	9	bojex	TRUE	3882	892650.628	-168238.62800000003
GQ15XI	2003	21	n	176853	10	suter	TRUE	3192	892650.628	-168238.62800000003
GQ15XI	2003	21	n	176853	13	kamesz	TRUE	2415	892650.628	-168238.62800000003
GQ15XI	2003	21	n	176853	18	pámen	TRUE	3336	892650.628	-168238.62800000003
GQ15XI	2003	21	n	176853	19	stokler	TRUE	2036	892650.628	-168238.62800000003
GQ15XI	2003	21	n	176853	23	slotens	TRUE	2921	892650.628	-168238.62800000003
GQ15XI	2003	21	n	176853	25	bralek	TRUE	3964	892650.628	-168238.62800000003
GQ15XI	2003	21	n	176853	27	kokker	TRUE	2862	892650.628	-168238.62800000003
GQ15XI	2003	21	n	176853	28	kokker	TRUE	2878	892650.628	-168238.62800000003
GQ15XI	2003	21	n	176853	29	dubex	TRUE	3193	892650.628	-168238.62800000003
GQ15XI	2003	21	n	176853	31	kojex	TRUE	2527	892650.628	-168238.62800000003
GQ15XI	2003	21	n	176853	32	tosztem	TRUE	3324	892650.628	-168238.62800000003
GQ15XI	2003	21	n	176853	33	sapec	TRUE	2571	892650.628	-168238.62800000003
GQ15XI	2003	21	n	176853	34	szkatyec	TRUE	2591	892650.628	-168238.62800000003
GQ15XI	2003	21	n	176853	35	rojett	FALSE	2770	892650.628	-168238.62800000003
GQ15XI	2003	21	n	176853	36	hodel	TRUE	523	892650.628	-168238.62800000003
GQ15XI	2003	21	n	176853	37	hodel	FALSE	312	892650.628	-168238.62800000003
GQ15XI	2003	21	n	176853	38	vódett	TRUE	93	892650.628	-168238.62800000003
GQ15XI	2003	21	n	176853	39	szkatyec	TRUE	100	892650.628	-168238.62800000003
GQ15XI	2003	21	n	176853	40	forrel	FALSE	218	892650.628	-168238.62800000003
GQ15XI	2003	21	n	176853	41	gortesz	TRUE	164	892650.628	-168238.62800000003
GQ15XI	2003	21	n	176853	42	daken	FALSE	217	892650.628	-168238.62800000003
GQ15XI	2003	21	n	176853	43	dubex	FALSE	288	892650.628	-168238.62800000003
GQ15XI	2003	21	n	176853	44	kampesz	FALSE	96	892650.628	-168238.62800000003
GQ15XI	2003	21	n	176853	45	sudel	TRUE	130	892650.628	-168238.62800000003
GQ15XI	2003	21	n	176853	46	kojex	TRUE	127	892650.628	-168238.62800000003
GQ15XI	2003	21	n	176853	47	trumlex	TRUE	47	892650.628	-168238.62800000003
GQ15XI	2003	21	n	176853	48	tokex	TRUE	20	892650.628	-168238.62800000003
GQ15XI	2003	21	n	176853	49	kumek	FALSE	85	892650.628	-168238.62800000003
GQ15XI	2003	21	n	176853	50	loftvens	TRUE	100	892650.628	-168238.62800000003
GQ15XI	2003	21	n	176853	51	voglens	FALSE	90	892650.628	-168238.62800000003
GQ15XI	2003	21	n	176853	52	ojett	FALSE	118	892650.628	-168238.62800000003
GQ15XI	2003	21	n	176853	53	sapec	FALSE	398	892650.628	-168238.62800000003
GQ15XI	2003	21	n	176853	54	baktec	FALSE	50	892650.628	-168238.62800000003
GQ15XI	2003	21	n	176853	55	bachesz	TRUE	291	892650.628	-168238.62800000003
GQ15XI	2003	21	n	176853	56	pámen	FALSE	245	892650.628	-168238.62800000003
GQ15XI	2003	21	n	176853	57	pofszett	TRUE	324	892650.628	-168238.62800000003
GQ15XI	2003	21	n	176853	58	kajler	TRUE	60	892650.628	-168238.62800000003
GQ15XI	2003	21	n	176853	59	saklek	TRUE	52	892650.628	-168238.62800000003
GQ15XI	2003	21	n	176853	60	bálen	TRUE	119	892650.628	-168238.62800000003
GQ15XI	2003	21	n	176853	61	hacel	TRUE	135	892650.628	-168238.62800000003
GQ15XI	2003	21	n	176853	62	kranel	TRUE	124	892650.628	-168238.62800000003
GQ15XI	2003	21	n	176853	63	pratec	TRUE	2	892650.628	-168238.62800000003
GQ15XI	2003	21	n	176853	64	saklek	FALSE	106	892650.628	-168238.62800000003
GQ15XI	2003	21	n	176853	65	próngem	FALSE	215	892650.628	-168238.62800000003
GQ15XI	2003	21	n	176853	66	laben	TRUE	2	892650.628	-168238.62800000003
GQ15XI	2003	21	n	176853	67	plosztem	FALSE	83	892650.628	-168238.62800000003
GQ15XI	2003	21	n	176853	68	bralek	FALSE	184	892650.628	-168238.62800000003
GQ15XI	2003	21	n	176853	69	laben	FALSE	226	892650.628	-168238.62800000003
GQ15XI	2003	21	n	176853	70	vódett	FALSE	449	892650.628	-168238.62800000003
GQ15XI	2003	21	n	176853	71	forrel	TRUE	271	892650.628	-168238.62800000003
GQ15XI	2003	21	n	176853	72	pratec	FALSE	217	892650.628	-168238.62800000003
GQ15XI	2003	21	n	176853	73	slotens	TRUE	271	892650.628	-168238.62800000003
GQ15XI	2003	21	n	176853	74	ubrem	FALSE	332	892650.628	-168238.62800000003
GQ15XI	2003	21	n	176853	75	rojett	TRUE	330	892650.628	-168238.62800000003
GQ15XI	2003	21	n	176853	76	kampesz	FALSE	914	892650.628	-168238.62800000003
GQ15XI	2003	21	n	176853	77	bojex	TRUE	282	892650.628	-168238.62800000003
GQ15XI	2003	21	n	176853	78	pofszett	FALSE	251	892650.628	-168238.62800000003
GQ15XI	2003	21	n	176853	79	hókens	TRUE	248	892650.628	-168238.62800000003
GQ15XI	2003	21	n	176853	80	pódens	TRUE	271	892650.628	-168238.62800000003
GQ15XI	2003	21	n	176853	81	moplec	FALSE	280	892650.628	-168238.62800000003
GQ15XI	2003	21	n	176853	82	ojett	FALSE	240	892650.628	-168238.62800000003
GQ15XI	2003	21	n	176853	83	gortesz	FALSE	314	892650.628	-168238.62800000003
GQ15XI	2003	21	n	176853	84	suter	TRUE	267	892650.628	-168238.62800000003
GQ15XI	2003	21	n	176853	85	mojem	FALSE	259	892650.628	-168238.62800000003
GQ15XI	2003	21	n	176853	86	kumek	TRUE	220	892650.628	-168238.62800000003
GQ15XI	2003	21	n	176853	87	hókens	FALSE	358	892650.628	-168238.62800000003
GQ15XI	2003	21	n	176853	88	trumlex	TRUE	344	892650.628	-168238.62800000003
GQ15XI	2003	21	n	176853	89	kajler	TRUE	230	892650.628	-168238.62800000003
GQ15XI	2003	21	n	176853	90	bórcer	FALSE	237	892650.628	-168238.62800000003
GQ15XI	2003	21	n	176853	91	tokex	TRUE	347	892650.628	-168238.62800000003
GQ15XI	2003	21	n	176853	92	takkesz	FALSE	252	892650.628	-168238.62800000003
GQ15XI	2003	21	n	176853	93	bondett	FALSE	232	892650.628	-168238.62800000003
GQ15XI	2003	21	n	176853	94	kranel	TRUE	239	892650.628	-168238.62800000003
GQ15XI	2003	21	n	176853	95	flotek	TRUE	299	892650.628	-168238.62800000003
GQ15XI	2003	21	n	176853	96	plosztem	TRUE	2	892650.628	-168238.62800000003
GQ15XI	2003	21	n	176853	97	ubrem	FALSE	60	892650.628	-168238.62800000003
GQ15XI	2003	21	n	176853	98	bondett	FALSE	409	892650.628	-168238.62800000003
GQ15XI	2003	21	n	176853	99	daken	TRUE	549	892650.628	-168238.62800000003
GQ15XI	2003	21	n	176853	100	bórcer	FALSE	266	892650.628	-168238.62800000003
IGQ479	2004	20	f	362206	3	kamesz	TRUE	2669	892650.628	-168238.62800000003
IGQ479	2004	20	f	362206	7	bórcer	FALSE	3722	892650.628	-168238.62800000003
IGQ479	2004	20	f	362206	10	stokler	TRUE	3573	892650.628	-168238.62800000003
IGQ479	2004	20	f	362206	13	bojex	TRUE	3771	892650.628	-168238.62800000003
IGQ479	2004	20	f	362206	18	gortesz	FALSE	2587	892650.628	-168238.62800000003
IGQ479	2004	20	f	362206	19	loftvens	TRUE	3451	892650.628	-168238.62800000003
IGQ479	2004	20	f	362206	20	kajler	TRUE	3372	892650.628	-168238.62800000003
IGQ479	2004	20	f	362206	22	sudel	FALSE	2779	892650.628	-168238.62800000003
IGQ479	2004	20	f	362206	24	kajler	TRUE	3648	892650.628	-168238.62800000003
IGQ479	2004	20	f	362206	26	hókens	TRUE	3410	892650.628	-168238.62800000003
IGQ479	2004	20	f	362206	27	saklek	TRUE	2632	892650.628	-168238.62800000003
IGQ479	2004	20	f	362206	28	pódens	TRUE	2557	892650.628	-168238.62800000003
IGQ479	2004	20	f	362206	29	laben	TRUE	2346	892650.628	-168238.62800000003
IGQ479	2004	20	f	362206	30	hacel	TRUE	2733	892650.628	-168238.62800000003
IGQ479	2004	20	f	362206	31	bórcer	TRUE	3375	892650.628	-168238.62800000003
IGQ479	2004	20	f	362206	32	forrel	FALSE	3133	892650.628	-168238.62800000003
IGQ479	2004	20	f	362206	33	daken	TRUE	1935	892650.628	-168238.62800000003
IGQ479	2004	20	f	362206	35	hókens	TRUE	2751	892650.628	-168238.62800000003
IGQ479	2004	20	f	362206	36	pratec	TRUE	3696	892650.628	-168238.62800000003
IGQ479	2004	20	f	362206	38	pámen	TRUE	3912	892650.628	-168238.62800000003
IGQ479	2004	20	f	362206	40	dubex	FALSE	3632	892650.628	-168238.62800000003
IGQ479	2004	20	f	362206	41	suter	TRUE	2372	892650.628	-168238.62800000003
IGQ479	2004	20	f	362206	42	loftvens	FALSE	2836	892650.628	-168238.62800000003
IGQ479	2004	20	f	362206	43	bralek	TRUE	2655	892650.628	-168238.62800000003
IGQ479	2004	20	f	362206	44	kojex	TRUE	2603	892650.628	-168238.62800000003
IGQ479	2004	20	f	362206	46	bachesz	FALSE	3897	892650.628	-168238.62800000003
IGQ479	2004	20	f	362206	47	bálen	TRUE	1923	892650.628	-168238.62800000003
IGQ479	2004	20	f	362206	48	kojex	TRUE	2107	892650.628	-168238.62800000003
IGQ479	2004	20	f	362206	49	rojett	FALSE	2774	892650.628	-168238.62800000003
IGQ479	2004	20	f	362206	50	stokler	TRUE	2009	892650.628	-168238.62800000003
IGQ479	2004	20	f	362206	51	trumlex	FALSE	3287	892650.628	-168238.62800000003
IGQ479	2004	20	f	362206	52	pofszett	FALSE	2436	892650.628	-168238.62800000003
IGQ479	2004	20	f	362206	53	kampesz	TRUE	2100	892650.628	-168238.62800000003
IGQ479	2004	20	f	362206	54	trumlex	FALSE	2699	892650.628	-168238.62800000003
IGQ479	2004	20	f	362206	55	sapec	FALSE	3065	892650.628	-168238.62800000003
IGQ479	2004	20	f	362206	58	daken	FALSE	3958	892650.628	-168238.62800000003
IGQ479	2004	20	f	362206	59	szláken	FALSE	3150	892650.628	-168238.62800000003
IGQ479	2004	20	f	362206	60	kamesz	TRUE	2556	892650.628	-168238.62800000003
IGQ479	2004	20	f	362206	61	kumek	TRUE	3239	892650.628	-168238.62800000003
IGQ479	2004	20	f	362206	64	plosztem	FALSE	2917	892650.628	-168238.62800000003
IGQ479	2004	20	f	362206	65	tokex	FALSE	2389	892650.628	-168238.62800000003
IGQ479	2004	20	f	362206	66	forrel	TRUE	3541	892650.628	-168238.62800000003
IGQ479	2004	20	f	362206	67	mojem	TRUE	2542	892650.628	-168238.62800000003
IGQ479	2004	20	f	362206	68	suter	FALSE	1828	892650.628	-168238.62800000003
IGQ479	2004	20	f	362206	69	flotek	FALSE	3157	892650.628	-168238.62800000003
IGQ479	2004	20	f	362206	70	kokker	TRUE	3744	892650.628	-168238.62800000003
IGQ479	2004	20	f	362206	71	vódett	TRUE	2800	892650.628	-168238.62800000003
IGQ479	2004	20	f	362206	72	saklek	FALSE	3390	892650.628	-168238.62800000003
IGQ479	2004	20	f	362206	73	bojex	TRUE	2324	892650.628	-168238.62800000003
IGQ479	2004	20	f	362206	74	takkesz	TRUE	2052	892650.628	-168238.62800000003
IGQ479	2004	20	f	362206	75	vódett	FALSE	2842	892650.628	-168238.62800000003
IGQ479	2004	20	f	362206	77	hacel	TRUE	2525	892650.628	-168238.62800000003
IGQ479	2004	20	f	362206	78	moplec	FALSE	2290	892650.628	-168238.62800000003
IGQ479	2004	20	f	362206	80	bondett	TRUE	2815	892650.628	-168238.62800000003
IGQ479	2004	20	f	362206	81	pratec	FALSE	3258	892650.628	-168238.62800000003
IGQ479	2004	20	f	362206	82	laben	TRUE	2626	892650.628	-168238.62800000003
IGQ479	2004	20	f	362206	83	bralek	TRUE	3096	892650.628	-168238.62800000003
IGQ479	2004	20	f	362206	84	kranel	TRUE	2358	892650.628	-168238.62800000003
IGQ479	2004	20	f	362206	85	bachesz	TRUE	3803	892650.628	-168238.62800000003
IGQ479	2004	20	f	362206	86	kacsek	TRUE	3946	892650.628	-168238.62800000003
IGQ479	2004	20	f	362206	87	kranel	FALSE	3592	892650.628	-168238.62800000003
IGQ479	2004	20	f	362206	90	hodel	FALSE	2401	892650.628	-168238.62800000003
IGQ479	2004	20	f	362206	91	szláken	TRUE	3743	892650.628	-168238.62800000003
IGQ479	2004	20	f	362206	92	pámen	FALSE	2933	892650.628	-168238.62800000003
IGQ479	2004	20	f	362206	93	kacsek	FALSE	3528	892650.628	-168238.62800000003
IGQ479	2004	20	f	362206	95	ojett	TRUE	2840	892650.628	-168238.62800000003
IGQ479	2004	20	f	362206	97	sapec	TRUE	2204	892650.628	-168238.62800000003
IGQ479	2004	20	f	362206	98	gortesz	TRUE	3224	892650.628	-168238.62800000003
IGQ479	2004	20	f	362206	99	kampesz	FALSE	2311	892650.628	-168238.62800000003
IGQ479	2004	20	f	362206	100	flotek	FALSE	2809	892650.628	-168238.62800000003
ZVV08D	2007	17	n	484023	18	daken	FALSE	3776	892650.628	-168238.62800000003
ZVV08D	2007	17	n	484023	19	suter	FALSE	2113	892650.628	-168238.62800000003
ZVV08D	2007	17	n	484023	20	ubrem	FALSE	3152	892650.628	-168238.62800000003
ZVV08D	2007	17	n	484023	21	hodel	FALSE	1741	892650.628	-168238.62800000003
ZVV08D	2007	17	n	484023	22	vódett	FALSE	2016	892650.628	-168238.62800000003
ZVV08D	2007	17	n	484023	24	suter	TRUE	1495	892650.628	-168238.62800000003
ZVV08D	2007	17	n	484023	25	bondett	FALSE	2309	892650.628	-168238.62800000003
ZVV08D	2007	17	n	484023	29	voglens	FALSE	2988	892650.628	-168238.62800000003
ZVV08D	2007	17	n	484023	30	trumlex	FALSE	3380	892650.628	-168238.62800000003
ZVV08D	2007	17	n	484023	34	plosztem	FALSE	2416	892650.628	-168238.62800000003
ZVV08D	2007	17	n	484023	39	forrel	FALSE	3409	892650.628	-168238.62800000003
ZVV08D	2007	17	n	484023	40	tokex	TRUE	3545	892650.628	-168238.62800000003
ZVV08D	2007	17	n	484023	42	bralek	FALSE	1869	892650.628	-168238.62800000003
ZVV08D	2007	17	n	484023	46	kamesz	TRUE	3967	892650.628	-168238.62800000003
ZVV08D	2007	17	n	484023	47	daken	TRUE	3063	892650.628	-168238.62800000003
ZVV08D	2007	17	n	484023	48	laben	FALSE	3391	892650.628	-168238.62800000003
ZVV08D	2007	17	n	484023	50	pódens	FALSE	2551	892650.628	-168238.62800000003
ZVV08D	2007	17	n	484023	51	bralek	TRUE	3058	892650.628	-168238.62800000003
ZVV08D	2007	17	n	484023	52	stokler	FALSE	2046	892650.628	-168238.62800000003
ZVV08D	2007	17	n	484023	54	rojett	FALSE	1920	892650.628	-168238.62800000003
ZVV08D	2007	17	n	484023	55	laben	TRUE	2528	892650.628	-168238.62800000003
ZVV08D	2007	17	n	484023	56	bórcer	TRUE	3466	892650.628	-168238.62800000003
ZVV08D	2007	17	n	484023	57	pámen	FALSE	1546	892650.628	-168238.62800000003
ZVV08D	2007	17	n	484023	58	sudel	FALSE	3496	892650.628	-168238.62800000003
ZVV08D	2007	17	n	484023	59	kojex	TRUE	2132	892650.628	-168238.62800000003
ZVV08D	2007	17	n	484023	60	bálen	FALSE	3189	892650.628	-168238.62800000003
ZVV08D	2007	17	n	484023	61	kajler	FALSE	2491	892650.628	-168238.62800000003
ZVV08D	2007	17	n	484023	62	próngem	FALSE	3197	892650.628	-168238.62800000003
ZVV08D	2007	17	n	484023	65	kampesz	FALSE	3507	892650.628	-168238.62800000003
ZVV08D	2007	17	n	484023	66	hókens	FALSE	2476	892650.628	-168238.62800000003
ZVV08D	2007	17	n	484023	67	kumek	TRUE	3540	892650.628	-168238.62800000003
ZVV08D	2007	17	n	484023	71	pódens	FALSE	3900	892650.628	-168238.62800000003
ZVV08D	2007	17	n	484023	72	baktec	FALSE	2933	892650.628	-168238.62800000003
ZVV08D	2007	17	n	484023	74	bondett	TRUE	2977	892650.628	-168238.62800000003
ZVV08D	2007	17	n	484023	76	forrel	FALSE	1704	892650.628	-168238.62800000003
ZVV08D	2007	17	n	484023	77	kojex	TRUE	3379	892650.628	-168238.62800000003
ZVV08D	2007	17	n	484023	78	bojex	FALSE	2069	892650.628	-168238.62800000003
ZVV08D	2007	17	n	484023	80	rojett	FALSE	1955	892650.628	-168238.62800000003
ZVV08D	2007	17	n	484023	81	hacel	FALSE	2568	892650.628	-168238.62800000003
ZVV08D	2007	17	n	484023	83	stokler	TRUE	1610	892650.628	-168238.62800000003
ZVV08D	2007	17	n	484023	85	kacsek	TRUE	3498	892650.628	-168238.62800000003
ZVV08D	2007	17	n	484023	86	kampesz	FALSE	1451	892650.628	-168238.62800000003
ZVV08D	2007	17	n	484023	90	tokex	TRUE	1324	892650.628	-168238.62800000003
ZVV08D	2007	17	n	484023	91	voglens	FALSE	3424	892650.628	-168238.62800000003
ZVV08D	2007	17	n	484023	92	pofszett	FALSE	3312	892650.628	-168238.62800000003
ZVV08D	2007	17	n	484023	93	kacsek	TRUE	1755	892650.628	-168238.62800000003
ZVV08D	2007	17	n	484023	94	pratec	TRUE	1743	892650.628	-168238.62800000003
ZVV08D	2007	17	n	484023	95	bachesz	TRUE	3487	892650.628	-168238.62800000003
ZVV08D	2007	17	n	484023	97	takkesz	TRUE	1444	892650.628	-168238.62800000003
ZVV08D	2007	17	n	484023	98	kranel	FALSE	2087	892650.628	-168238.62800000003
ZVV08D	2007	17	n	484023	99	slotens	TRUE	2127	892650.628	-168238.62800000003
ZVV08D	2007	17	n	484023	100	tosztem	FALSE	1744	892650.628	-168238.62800000003
Schloss	1986	38	n	456120	25	bojex	FALSE	2530	892650.628	-168238.62800000003
Schloss	1986	38	n	456120	32	kajler	FALSE	3987	892650.628	-168238.62800000003
Schloss	1986	38	n	456120	33	bálen	FALSE	3834	892650.628	-168238.62800000003
Schloss	1986	38	n	456120	36	plosztem	FALSE	3321	892650.628	-168238.62800000003
Schloss	1986	38	n	456120	37	pódens	FALSE	1890	892650.628	-168238.62800000003
Schloss	1986	38	n	456120	38	szláken	FALSE	2672	892650.628	-168238.62800000003
Schloss	1986	38	n	456120	41	kokker	FALSE	3824	892650.628	-168238.62800000003
Schloss	1986	38	n	456120	47	rojett	FALSE	3699	892650.628	-168238.62800000003
Schloss	1986	38	n	456120	50	kamesz	FALSE	3623	892650.628	-168238.62800000003
Schloss	1986	38	n	456120	52	ubrem	FALSE	3543	892650.628	-168238.62800000003
Schloss	1986	38	n	456120	55	trumlex	FALSE	3574	892650.628	-168238.62800000003
Schloss	1986	38	n	456120	56	dubex	FALSE	2493	892650.628	-168238.62800000003
Schloss	1986	38	n	456120	57	bachesz	FALSE	2450	892650.628	-168238.62800000003
Schloss	1986	38	n	456120	58	kokker	FALSE	2282	892650.628	-168238.62800000003
Schloss	1986	38	n	456120	59	slotens	FALSE	2057	892650.628	-168238.62800000003
Schloss	1986	38	n	456120	60	bórcer	FALSE	3328	892650.628	-168238.62800000003
Schloss	1986	38	n	456120	62	kranel	FALSE	3253	892650.628	-168238.62800000003
Schloss	1986	38	n	456120	63	kumek	FALSE	2844	892650.628	-168238.62800000003
Schloss	1986	38	n	456120	64	baktec	FALSE	3204	892650.628	-168238.62800000003
Schloss	1986	38	n	456120	67	forrel	FALSE	1984	892650.628	-168238.62800000003
Schloss	1986	38	n	456120	68	hodel	FALSE	2652	892650.628	-168238.62800000003
Schloss	1986	38	n	456120	69	plosztem	FALSE	3966	892650.628	-168238.62800000003
Schloss	1986	38	n	456120	72	kamesz	FALSE	2660	892650.628	-168238.62800000003
Schloss	1986	38	n	456120	73	pódens	FALSE	2620	892650.628	-168238.62800000003
Schloss	1986	38	n	456120	74	kojex	FALSE	3003	892650.628	-168238.62800000003
Schloss	1986	38	n	456120	75	voglens	FALSE	2326	892650.628	-168238.62800000003
Schloss	1986	38	n	456120	76	szláken	FALSE	1559	892650.628	-168238.62800000003
Schloss	1986	38	n	456120	77	tokex	FALSE	3160	892650.628	-168238.62800000003
Schloss	1986	38	n	456120	78	hókens	FALSE	3007	892650.628	-168238.62800000003
Schloss	1986	38	n	456120	79	baktec	FALSE	2738	892650.628	-168238.62800000003
Schloss	1986	38	n	456120	80	gortesz	FALSE	2972	892650.628	-168238.62800000003
Schloss	1986	38	n	456120	81	próngem	FALSE	3404	892650.628	-168238.62800000003
Schloss	1986	38	n	456120	82	hókens	FALSE	2376	892650.628	-168238.62800000003
Schloss	1986	38	n	456120	84	pofszett	FALSE	3151	892650.628	-168238.62800000003
Schloss	1986	38	n	456120	85	tokex	FALSE	2191	892650.628	-168238.62800000003
Schloss	1986	38	n	456120	86	kacsek	FALSE	3509	892650.628	-168238.62800000003
Schloss	1986	38	n	456120	90	sudel	FALSE	3185	892650.628	-168238.62800000003
Schloss	1986	38	n	456120	91	slotens	FALSE	3088	892650.628	-168238.62800000003
Schloss	1986	38	n	456120	92	ojett	FALSE	1882	892650.628	-168238.62800000003
Schloss	1986	38	n	456120	93	mojem	FALSE	2383	892650.628	-168238.62800000003
Schloss	1986	38	n	456120	94	pratec	FALSE	2067	892650.628	-168238.62800000003
Schloss	1986	38	n	456120	95	tosztem	FALSE	2220	892650.628	-168238.62800000003
Schloss	1986	38	n	456120	96	saklek	FALSE	2248	892650.628	-168238.62800000003
Schloss	1986	38	n	456120	99	dubex	FALSE	2387	892650.628	-168238.62800000003
Schloss	1986	38	n	456120	100	kojex	FALSE	3608	892650.628	-168238.62800000003
A8O22J	2006	18	n	196537	5	bachesz	TRUE	3628	892650.628	-168238.62800000003
A8O22J	2006	18	n	196537	6	sudel	FALSE	2944	892650.628	-168238.62800000003
A8O22J	2006	18	n	196537	7	kamesz	FALSE	2963	892650.628	-168238.62800000003
A8O22J	2006	18	n	196537	8	flotek	FALSE	3802	892650.628	-168238.62800000003
A8O22J	2006	18	n	196537	9	kampesz	TRUE	1512	892650.628	-168238.62800000003
A8O22J	2006	18	n	196537	10	bojex	FALSE	2886	892650.628	-168238.62800000003
A8O22J	2006	18	n	196537	11	tokex	FALSE	3721	892650.628	-168238.62800000003
A8O22J	2006	18	n	196537	12	voglens	FALSE	2802	892650.628	-168238.62800000003
A8O22J	2006	18	n	196537	13	bachesz	FALSE	2967	892650.628	-168238.62800000003
A8O22J	2006	18	n	196537	14	saklek	FALSE	1356	892650.628	-168238.62800000003
A8O22J	2006	18	n	196537	15	takkesz	FALSE	1536	892650.628	-168238.62800000003
A8O22J	2006	18	n	196537	16	trumlex	FALSE	2290	892650.628	-168238.62800000003
A8O22J	2006	18	n	196537	17	gortesz	FALSE	1554	892650.628	-168238.62800000003
A8O22J	2006	18	n	196537	18	hodel	FALSE	3170	892650.628	-168238.62800000003
A8O22J	2006	18	n	196537	19	vódett	FALSE	2327	892650.628	-168238.62800000003
A8O22J	2006	18	n	196537	20	kranel	FALSE	1157	892650.628	-168238.62800000003
A8O22J	2006	18	n	196537	21	kampesz	TRUE	3209	892650.628	-168238.62800000003
A8O22J	2006	18	n	196537	22	kojex	FALSE	1042	892650.628	-168238.62800000003
A8O22J	2006	18	n	196537	23	mojem	FALSE	2522	892650.628	-168238.62800000003
A8O22J	2006	18	n	196537	24	pratec	TRUE	1720	892650.628	-168238.62800000003
A8O22J	2006	18	n	196537	26	pódens	FALSE	1129	892650.628	-168238.62800000003
A8O22J	2006	18	n	196537	27	ubrem	FALSE	3837	892650.628	-168238.62800000003
A8O22J	2006	18	n	196537	29	pámen	FALSE	1485	892650.628	-168238.62800000003
A8O22J	2006	18	n	196537	30	pódens	FALSE	1516	892650.628	-168238.62800000003
A8O22J	2006	18	n	196537	31	pámen	FALSE	1711	892650.628	-168238.62800000003
A8O22J	2006	18	n	196537	32	laben	FALSE	2876	892650.628	-168238.62800000003
A8O22J	2006	18	n	196537	33	szkatyec	FALSE	2198	892650.628	-168238.62800000003
A8O22J	2006	18	n	196537	34	szláken	FALSE	3232	892650.628	-168238.62800000003
A8O22J	2006	18	n	196537	35	szkatyec	FALSE	1930	892650.628	-168238.62800000003
A8O22J	2006	18	n	196537	36	bondett	FALSE	2394	892650.628	-168238.62800000003
A8O22J	2006	18	n	196537	37	slotens	FALSE	1042	892650.628	-168238.62800000003
A8O22J	2006	18	n	196537	38	baktec	FALSE	762	892650.628	-168238.62800000003
A8O22J	2006	18	n	196537	39	daken	FALSE	3314	892650.628	-168238.62800000003
A8O22J	2006	18	n	196537	40	sapec	FALSE	3124	892650.628	-168238.62800000003
A8O22J	2006	18	n	196537	41	hodel	FALSE	1850	892650.628	-168238.62800000003
A8O22J	2006	18	n	196537	42	sapec	FALSE	1291	892650.628	-168238.62800000003
A8O22J	2006	18	n	196537	43	hacel	FALSE	836	892650.628	-168238.62800000003
A8O22J	2006	18	n	196537	44	tosztem	FALSE	2485	892650.628	-168238.62800000003
A8O22J	2006	18	n	196537	45	loftvens	FALSE	1245	892650.628	-168238.62800000003
A8O22J	2006	18	n	196537	46	vódett	FALSE	676	892650.628	-168238.62800000003
A8O22J	2006	18	n	196537	47	stokler	FALSE	1491	892650.628	-168238.62800000003
A8O22J	2006	18	n	196537	48	kranel	FALSE	954	892650.628	-168238.62800000003
A8O22J	2006	18	n	196537	49	pratec	FALSE	870	892650.628	-168238.62800000003
A8O22J	2006	18	n	196537	50	bórcer	FALSE	1047	892650.628	-168238.62800000003
A8O22J	2006	18	n	196537	52	rojett	FALSE	1709	892650.628	-168238.62800000003
A8O22J	2006	18	n	196537	53	takkesz	FALSE	1112	892650.628	-168238.62800000003
A8O22J	2006	18	n	196537	54	dubex	FALSE	967	892650.628	-168238.62800000003
A8O22J	2006	18	n	196537	55	bórcer	FALSE	821	892650.628	-168238.62800000003
A8O22J	2006	18	n	196537	56	bralek	FALSE	1386	892650.628	-168238.62800000003
A8O22J	2006	18	n	196537	57	próngem	FALSE	1120	892650.628	-168238.62800000003
A8O22J	2006	18	n	196537	58	bálen	FALSE	1039	892650.628	-168238.62800000003
A8O22J	2006	18	n	196537	59	hókens	FALSE	1289	892650.628	-168238.62800000003
A8O22J	2006	18	n	196537	60	pofszett	FALSE	789	892650.628	-168238.62800000003
A8O22J	2006	18	n	196537	61	suter	FALSE	882	892650.628	-168238.62800000003
A8O22J	2006	18	n	196537	62	stokler	FALSE	1065	892650.628	-168238.62800000003
A8O22J	2006	18	n	196537	63	daken	FALSE	970	892650.628	-168238.62800000003
A8O22J	2006	18	n	196537	64	moplec	FALSE	482	892650.628	-168238.62800000003
A8O22J	2006	18	n	196537	65	mojem	FALSE	800	892650.628	-168238.62800000003
A8O22J	2006	18	n	196537	66	szláken	FALSE	267	892650.628	-168238.62800000003
A8O22J	2006	18	n	196537	67	tosztem	FALSE	796	892650.628	-168238.62800000003
A8O22J	2006	18	n	196537	68	bálen	FALSE	1230	892650.628	-168238.62800000003
A8O22J	2006	18	n	196537	69	plosztem	FALSE	3225	892650.628	-168238.62800000003
A8O22J	2006	18	n	196537	70	baktec	FALSE	884	892650.628	-168238.62800000003
A8O22J	2006	18	n	196537	71	slotens	FALSE	954	892650.628	-168238.62800000003
A8O22J	2006	18	n	196537	72	bralek	FALSE	632	892650.628	-168238.62800000003
A8O22J	2006	18	n	196537	73	kamesz	FALSE	798	892650.628	-168238.62800000003
A8O22J	2006	18	n	196537	74	saklek	TRUE	3586	892650.628	-168238.62800000003
A8O22J	2006	18	n	196537	75	moplec	FALSE	1680	892650.628	-168238.62800000003
A8O22J	2006	18	n	196537	76	hókens	FALSE	837	892650.628	-168238.62800000003
A8O22J	2006	18	n	196537	77	forrel	FALSE	975	892650.628	-168238.62800000003
A8O22J	2006	18	n	196537	78	trumlex	FALSE	888	892650.628	-168238.62800000003
A8O22J	2006	18	n	196537	79	kumek	TRUE	3664	892650.628	-168238.62800000003
A8O22J	2006	18	n	196537	80	flotek	FALSE	2315	892650.628	-168238.62800000003
A8O22J	2006	18	n	196537	82	kokker	FALSE	834	892650.628	-168238.62800000003
A8O22J	2006	18	n	196537	83	próngem	FALSE	1421	892650.628	-168238.62800000003
A8O22J	2006	18	n	196537	84	suter	FALSE	1469	892650.628	-168238.62800000003
A8O22J	2006	18	n	196537	85	kumek	FALSE	261	892650.628	-168238.62800000003
A8O22J	2006	18	n	196537	86	sudel	FALSE	707	892650.628	-168238.62800000003
A8O22J	2006	18	n	196537	87	kojex	FALSE	596	892650.628	-168238.62800000003
A8O22J	2006	18	n	196537	88	kacsek	FALSE	2100	892650.628	-168238.62800000003
A8O22J	2006	18	n	196537	89	pofszett	FALSE	1303	892650.628	-168238.62800000003
A8O22J	2006	18	n	196537	90	rojett	TRUE	1078	892650.628	-168238.62800000003
A8O22J	2006	18	n	196537	91	ojett	TRUE	1541	892650.628	-168238.62800000003
A8O22J	2006	18	n	196537	92	kajler	FALSE	892	892650.628	-168238.62800000003
A8O22J	2006	18	n	196537	93	kokker	FALSE	898	892650.628	-168238.62800000003
A8O22J	2006	18	n	196537	94	bojex	FALSE	970	892650.628	-168238.62800000003
A8O22J	2006	18	n	196537	95	dubex	TRUE	1000	892650.628	-168238.62800000003
A8O22J	2006	18	n	196537	96	loftvens	FALSE	2784	892650.628	-168238.62800000003
A8O22J	2006	18	n	196537	97	kajler	FALSE	952	892650.628	-168238.62800000003
A8O22J	2006	18	n	196537	98	forrel	FALSE	1221	892650.628	-168238.62800000003
A8O22J	2006	18	n	196537	99	kacsek	FALSE	3844	892650.628	-168238.62800000003
A8O22J	2006	18	n	196537	100	plosztem	FALSE	1582	892650.628	-168238.62800000003
habarcs	1988	36	e	254184	1	ubrem	FALSE	3087	892650.628	-168238.62800000003
habarcs	1988	36	e	254184	2	szláken	FALSE	3922	892650.628	-168238.62800000003
habarcs	1988	36	e	254184	3	laben	FALSE	2726	892650.628	-168238.62800000003
habarcs	1988	36	e	254184	4	pámen	FALSE	2211	892650.628	-168238.62800000003
habarcs	1988	36	e	254184	5	kranel	FALSE	1684	892650.628	-168238.62800000003
habarcs	1988	36	e	254184	6	rojett	FALSE	2277	892650.628	-168238.62800000003
habarcs	1988	36	e	254184	7	szláken	FALSE	2613	892650.628	-168238.62800000003
habarcs	1988	36	e	254184	9	moplec	FALSE	2308	892650.628	-168238.62800000003
habarcs	1988	36	e	254184	10	gortesz	FALSE	2849	892650.628	-168238.62800000003
habarcs	1988	36	e	254184	11	baktec	FALSE	3669	892650.628	-168238.62800000003
habarcs	1988	36	e	254184	12	daken	FALSE	2536	892650.628	-168238.62800000003
habarcs	1988	36	e	254184	13	flotek	TRUE	3864	892650.628	-168238.62800000003
habarcs	1988	36	e	254184	14	forrel	FALSE	3148	892650.628	-168238.62800000003
habarcs	1988	36	e	254184	15	próngem	FALSE	2881	892650.628	-168238.62800000003
habarcs	1988	36	e	254184	16	hacel	FALSE	2185	892650.628	-168238.62800000003
habarcs	1988	36	e	254184	17	forrel	FALSE	2780	892650.628	-168238.62800000003
habarcs	1988	36	e	254184	18	kampesz	FALSE	2136	892650.628	-168238.62800000003
habarcs	1988	36	e	254184	19	mojem	FALSE	1603	892650.628	-168238.62800000003
habarcs	1988	36	e	254184	20	bojex	FALSE	2354	892650.628	-168238.62800000003
habarcs	1988	36	e	254184	21	hodel	FALSE	2773	892650.628	-168238.62800000003
habarcs	1988	36	e	254184	22	bachesz	FALSE	2052	892650.628	-168238.62800000003
habarcs	1988	36	e	254184	23	rojett	FALSE	1616	892650.628	-168238.62800000003
habarcs	1988	36	e	254184	24	pofszett	FALSE	1773	892650.628	-168238.62800000003
habarcs	1988	36	e	254184	25	bondett	FALSE	2443	892650.628	-168238.62800000003
habarcs	1988	36	e	254184	26	bórcer	FALSE	1812	892650.628	-168238.62800000003
habarcs	1988	36	e	254184	27	bondett	FALSE	1525	892650.628	-168238.62800000003
habarcs	1988	36	e	254184	28	sapec	FALSE	2913	892650.628	-168238.62800000003
habarcs	1988	36	e	254184	29	tosztem	FALSE	2707	892650.628	-168238.62800000003
habarcs	1988	36	e	254184	30	loftvens	FALSE	1509	892650.628	-168238.62800000003
habarcs	1988	36	e	254184	32	sudel	FALSE	3421	892650.628	-168238.62800000003
habarcs	1988	36	e	254184	33	kumek	FALSE	1824	892650.628	-168238.62800000003
habarcs	1988	36	e	254184	34	laben	FALSE	1300	892650.628	-168238.62800000003
habarcs	1988	36	e	254184	35	kokker	FALSE	1467	892650.628	-168238.62800000003
habarcs	1988	36	e	254184	36	pratec	FALSE	1241	892650.628	-168238.62800000003
habarcs	1988	36	e	254184	37	kamesz	FALSE	1730	892650.628	-168238.62800000003
habarcs	1988	36	e	254184	38	loftvens	FALSE	1365	892650.628	-168238.62800000003
habarcs	1988	36	e	254184	39	tokex	FALSE	3973	892650.628	-168238.62800000003
habarcs	1988	36	e	254184	40	slotens	FALSE	1565	892650.628	-168238.62800000003
habarcs	1988	36	e	254184	41	bralek	FALSE	1610	892650.628	-168238.62800000003
habarcs	1988	36	e	254184	42	stokler	FALSE	1810	892650.628	-168238.62800000003
habarcs	1988	36	e	254184	43	pódens	FALSE	1219	892650.628	-168238.62800000003
habarcs	1988	36	e	254184	44	kacsek	TRUE	3867	892650.628	-168238.62800000003
habarcs	1988	36	e	254184	45	kumek	FALSE	1558	892650.628	-168238.62800000003
habarcs	1988	36	e	254184	46	moplec	FALSE	1366	892650.628	-168238.62800000003
habarcs	1988	36	e	254184	47	próngem	FALSE	1478	892650.628	-168238.62800000003
habarcs	1988	36	e	254184	48	ubrem	FALSE	1528	892650.628	-168238.62800000003
habarcs	1988	36	e	254184	50	dubex	FALSE	1628	892650.628	-168238.62800000003
habarcs	1988	36	e	254184	51	sudel	FALSE	2143	892650.628	-168238.62800000003
habarcs	1988	36	e	254184	53	sapec	FALSE	2379	892650.628	-168238.62800000003
habarcs	1988	36	e	254184	54	ojett	FALSE	1579	892650.628	-168238.62800000003
habarcs	1988	36	e	254184	55	kojex	FALSE	3608	892650.628	-168238.62800000003
habarcs	1988	36	e	254184	56	kampesz	FALSE	1980	892650.628	-168238.62800000003
habarcs	1988	36	e	254184	57	kacsek	TRUE	3349	892650.628	-168238.62800000003
habarcs	1988	36	e	254184	59	hacel	FALSE	1908	892650.628	-168238.62800000003
habarcs	1988	36	e	254184	60	baktec	FALSE	2056	892650.628	-168238.62800000003
habarcs	1988	36	e	254184	62	suter	FALSE	2928	892650.628	-168238.62800000003
habarcs	1988	36	e	254184	63	trumlex	FALSE	3087	892650.628	-168238.62800000003
habarcs	1988	36	e	254184	65	pofszett	FALSE	2474	892650.628	-168238.62800000003
habarcs	1988	36	e	254184	67	hókens	FALSE	2782	892650.628	-168238.62800000003
habarcs	1988	36	e	254184	68	saklek	FALSE	3039	892650.628	-168238.62800000003
habarcs	1988	36	e	254184	69	gortesz	FALSE	2192	892650.628	-168238.62800000003
habarcs	1988	36	e	254184	70	vódett	FALSE	1635	892650.628	-168238.62800000003
habarcs	1988	36	e	254184	71	bralek	FALSE	2520	892650.628	-168238.62800000003
habarcs	1988	36	e	254184	72	bálen	FALSE	1620	892650.628	-168238.62800000003
habarcs	1988	36	e	254184	73	pódens	FALSE	1342	892650.628	-168238.62800000003
habarcs	1988	36	e	254184	74	voglens	FALSE	1366	892650.628	-168238.62800000003
habarcs	1988	36	e	254184	75	saklek	FALSE	1672	892650.628	-168238.62800000003
habarcs	1988	36	e	254184	76	bojex	FALSE	1330	892650.628	-168238.62800000003
habarcs	1988	36	e	254184	77	mojem	FALSE	3170	892650.628	-168238.62800000003
habarcs	1988	36	e	254184	78	bachesz	FALSE	1979	892650.628	-168238.62800000003
habarcs	1988	36	e	254184	79	pámen	FALSE	1155	892650.628	-168238.62800000003
habarcs	1988	36	e	254184	80	plosztem	FALSE	3911	892650.628	-168238.62800000003
habarcs	1988	36	e	254184	81	voglens	FALSE	1593	892650.628	-168238.62800000003
habarcs	1988	36	e	254184	82	hodel	FALSE	1097	892650.628	-168238.62800000003
habarcs	1988	36	e	254184	83	stokler	FALSE	1349	892650.628	-168238.62800000003
habarcs	1988	36	e	254184	84	trumlex	FALSE	1995	892650.628	-168238.62800000003
habarcs	1988	36	e	254184	85	vódett	FALSE	2176	892650.628	-168238.62800000003
habarcs	1988	36	e	254184	86	kajler	FALSE	2567	892650.628	-168238.62800000003
habarcs	1988	36	e	254184	87	dubex	FALSE	1997	892650.628	-168238.62800000003
habarcs	1988	36	e	254184	88	bórcer	FALSE	1850	892650.628	-168238.62800000003
habarcs	1988	36	e	254184	89	daken	FALSE	2386	892650.628	-168238.62800000003
habarcs	1988	36	e	254184	90	hókens	FALSE	1721	892650.628	-168238.62800000003
habarcs	1988	36	e	254184	91	takkesz	FALSE	1329	892650.628	-168238.62800000003
habarcs	1988	36	e	254184	92	flotek	FALSE	1170	892650.628	-168238.62800000003
habarcs	1988	36	e	254184	93	tosztem	FALSE	2284	892650.628	-168238.62800000003
habarcs	1988	36	e	254184	95	bálen	FALSE	2248	892650.628	-168238.62800000003
habarcs	1988	36	e	254184	96	plosztem	FALSE	1784	892650.628	-168238.62800000003
habarcs	1988	36	e	254184	97	kojex	FALSE	1622	892650.628	-168238.62800000003
habarcs	1988	36	e	254184	98	slotens	FALSE	1043	892650.628	-168238.62800000003
habarcs	1988	36	e	254184	99	kajler	FALSE	1592	892650.628	-168238.62800000003
habarcs	1988	36	e	254184	100	suter	FALSE	1162	892650.628	-168238.62800000003
b4kl9d	2004	20	férfi	392990	9	pódens	FALSE	3762	892650.628	-168238.62800000003
b4kl9d	2004	20	férfi	392990	13	daken	TRUE	3473	892650.628	-168238.62800000003
b4kl9d	2004	20	férfi	392990	14	tosztem	FALSE	3112	892650.628	-168238.62800000003
b4kl9d	2004	20	férfi	392990	17	bralek	FALSE	3533	892650.628	-168238.62800000003
b4kl9d	2004	20	férfi	392990	18	kumek	TRUE	2445	892650.628	-168238.62800000003
b4kl9d	2004	20	férfi	392990	22	loftvens	FALSE	2768	892650.628	-168238.62800000003
b4kl9d	2004	20	férfi	392990	23	próngem	FALSE	2689	892650.628	-168238.62800000003
b4kl9d	2004	20	férfi	392990	24	kokker	TRUE	3137	892650.628	-168238.62800000003
b4kl9d	2004	20	férfi	392990	25	mojem	TRUE	2325	892650.628	-168238.62800000003
b4kl9d	2004	20	férfi	392990	28	daken	TRUE	3439	892650.628	-168238.62800000003
b4kl9d	2004	20	férfi	392990	29	bojex	TRUE	2542	892650.628	-168238.62800000003
b4kl9d	2004	20	férfi	392990	31	rojett	TRUE	3169	892650.628	-168238.62800000003
b4kl9d	2004	20	férfi	392990	36	baktec	FALSE	3451	892650.628	-168238.62800000003
b4kl9d	2004	20	férfi	392990	37	szkatyec	FALSE	2960	892650.628	-168238.62800000003
b4kl9d	2004	20	férfi	392990	39	vódett	TRUE	2790	892650.628	-168238.62800000003
b4kl9d	2004	20	férfi	392990	40	hókens	TRUE	3850	892650.628	-168238.62800000003
b4kl9d	2004	20	férfi	392990	42	szláken	FALSE	2136	892650.628	-168238.62800000003
b4kl9d	2004	20	férfi	392990	43	mojem	FALSE	3799	892650.628	-168238.62800000003
b4kl9d	2004	20	férfi	392990	44	hodel	TRUE	3071	892650.628	-168238.62800000003
b4kl9d	2004	20	férfi	392990	45	szláken	FALSE	2130	892650.628	-168238.62800000003
b4kl9d	2004	20	férfi	392990	47	slotens	FALSE	3152	892650.628	-168238.62800000003
b4kl9d	2004	20	férfi	392990	48	rojett	FALSE	3005	892650.628	-168238.62800000003
b4kl9d	2004	20	férfi	392990	49	ojett	FALSE	3245	892650.628	-168238.62800000003
b4kl9d	2004	20	férfi	392990	51	pámen	FALSE	1787	892650.628	-168238.62800000003
b4kl9d	2004	20	férfi	392990	52	laben	FALSE	2835	892650.628	-168238.62800000003
b4kl9d	2004	20	férfi	392990	53	baktec	FALSE	1894	892650.628	-168238.62800000003
b4kl9d	2004	20	férfi	392990	54	suter	TRUE	2072	892650.628	-168238.62800000003
b4kl9d	2004	20	férfi	392990	56	voglens	FALSE	2352	892650.628	-168238.62800000003
b4kl9d	2004	20	férfi	392990	57	bálen	TRUE	1911	892650.628	-168238.62800000003
b4kl9d	2004	20	férfi	392990	58	stokler	TRUE	2584	892650.628	-168238.62800000003
b4kl9d	2004	20	férfi	392990	59	laben	TRUE	2985	892650.628	-168238.62800000003
b4kl9d	2004	20	férfi	392990	60	kajler	TRUE	2226	892650.628	-168238.62800000003
b4kl9d	2004	20	férfi	392990	61	ojett	TRUE	2338	892650.628	-168238.62800000003
b4kl9d	2004	20	férfi	392990	63	moplec	FALSE	2074	892650.628	-168238.62800000003
b4kl9d	2004	20	férfi	392990	64	dubex	TRUE	2026	892650.628	-168238.62800000003
b4kl9d	2004	20	férfi	392990	65	vódett	FALSE	1646	892650.628	-168238.62800000003
b4kl9d	2004	20	férfi	392990	66	forrel	TRUE	1615	892650.628	-168238.62800000003
b4kl9d	2004	20	férfi	392990	68	pódens	FALSE	1446	892650.628	-168238.62800000003
b4kl9d	2004	20	férfi	392990	69	bachesz	FALSE	2200	892650.628	-168238.62800000003
b4kl9d	2004	20	férfi	392990	70	bojex	TRUE	3972	892650.628	-168238.62800000003
b4kl9d	2004	20	férfi	392990	73	kacsek	TRUE	3290	892650.628	-168238.62800000003
b4kl9d	2004	20	férfi	392990	74	próngem	FALSE	1476	892650.628	-168238.62800000003
b4kl9d	2004	20	férfi	392990	75	plosztem	TRUE	2616	892650.628	-168238.62800000003
b4kl9d	2004	20	férfi	392990	76	gortesz	TRUE	2507	892650.628	-168238.62800000003
b4kl9d	2004	20	férfi	392990	77	saklek	FALSE	1816	892650.628	-168238.62800000003
b4kl9d	2004	20	férfi	392990	78	stokler	TRUE	2562	892650.628	-168238.62800000003
b4kl9d	2004	20	férfi	392990	79	flotek	FALSE	2166	892650.628	-168238.62800000003
b4kl9d	2004	20	férfi	392990	80	bachesz	FALSE	1992	892650.628	-168238.62800000003
b4kl9d	2004	20	férfi	392990	81	takkesz	TRUE	2726	892650.628	-168238.62800000003
b4kl9d	2004	20	férfi	392990	82	hodel	TRUE	1998	892650.628	-168238.62800000003
b4kl9d	2004	20	férfi	392990	83	bálen	FALSE	3078	892650.628	-168238.62800000003
b4kl9d	2004	20	férfi	392990	84	bórcer	FALSE	2690	892650.628	-168238.62800000003
b4kl9d	2004	20	férfi	392990	86	voglens	FALSE	1571	892650.628	-168238.62800000003
b4kl9d	2004	20	férfi	392990	87	kranel	FALSE	3352	892650.628	-168238.62800000003
b4kl9d	2004	20	férfi	392990	90	hacel	TRUE	1616	892650.628	-168238.62800000003
b4kl9d	2004	20	férfi	392990	91	kumek	TRUE	1483	892650.628	-168238.62800000003
b4kl9d	2004	20	férfi	392990	92	pratec	FALSE	2121	892650.628	-168238.62800000003
b4kl9d	2004	20	férfi	392990	93	szkatyec	FALSE	3319	892650.628	-168238.62800000003
b4kl9d	2004	20	férfi	392990	94	bondett	FALSE	3796	892650.628	-168238.62800000003
b4kl9d	2004	20	férfi	392990	95	kamesz	TRUE	2661	892650.628	-168238.62800000003
b4kl9d	2004	20	férfi	392990	97	kacsek	FALSE	3810	892650.628	-168238.62800000003
b4kl9d	2004	20	férfi	392990	98	tokex	TRUE	3470	892650.628	-168238.62800000003
b4kl9d	2004	20	férfi	392990	99	pratec	FALSE	2188	892650.628	-168238.62800000003
b4kl9d	2004	20	férfi	392990	100	kampesz	TRUE	2888	892650.628	-168238.62800000003
opz35o	1991	33	n	479068	8	ubrem	FALSE	3953	892650.628	-168238.62800000003
opz35o	1991	33	n	479068	9	trumlex	FALSE	3867	892650.628	-168238.62800000003
opz35o	1991	33	n	479068	13	kokker	TRUE	3368	892650.628	-168238.62800000003
opz35o	1991	33	n	479068	22	bralek	TRUE	2640	892650.628	-168238.62800000003
opz35o	1991	33	n	479068	23	kranel	TRUE	3192	892650.628	-168238.62800000003
opz35o	1991	33	n	479068	31	dubex	FALSE	3644	892650.628	-168238.62800000003
opz35o	1991	33	n	479068	32	trumlex	TRUE	3422	892650.628	-168238.62800000003
opz35o	1991	33	n	479068	35	hodel	TRUE	3061	892650.628	-168238.62800000003
opz35o	1991	33	n	479068	36	bachesz	TRUE	2278	892650.628	-168238.62800000003
opz35o	1991	33	n	479068	39	pámen	FALSE	3372	892650.628	-168238.62800000003
opz35o	1991	33	n	479068	40	kacsek	FALSE	3798	892650.628	-168238.62800000003
opz35o	1991	33	n	479068	41	kojex	FALSE	2061	892650.628	-168238.62800000003
opz35o	1991	33	n	479068	42	laben	TRUE	3901	892650.628	-168238.62800000003
opz35o	1991	33	n	479068	43	slotens	FALSE	3744	892650.628	-168238.62800000003
opz35o	1991	33	n	479068	45	daken	FALSE	2707	892650.628	-168238.62800000003
opz35o	1991	33	n	479068	48	hacel	FALSE	2642	892650.628	-168238.62800000003
opz35o	1991	33	n	479068	49	ojett	FALSE	3787	892650.628	-168238.62800000003
opz35o	1991	33	n	479068	50	pámen	FALSE	2817	892650.628	-168238.62800000003
opz35o	1991	33	n	479068	51	forrel	FALSE	3390	892650.628	-168238.62800000003
opz35o	1991	33	n	479068	52	pódens	FALSE	2181	892650.628	-168238.62800000003
opz35o	1991	33	n	479068	56	tokex	FALSE	2425	892650.628	-168238.62800000003
opz35o	1991	33	n	479068	61	ubrem	FALSE	3789	892650.628	-168238.62800000003
opz35o	1991	33	n	479068	62	tokex	FALSE	2207	892650.628	-168238.62800000003
opz35o	1991	33	n	479068	65	suter	FALSE	2496	892650.628	-168238.62800000003
opz35o	1991	33	n	479068	66	sudel	FALSE	3400	892650.628	-168238.62800000003
opz35o	1991	33	n	479068	68	loftvens	FALSE	2694	892650.628	-168238.62800000003
opz35o	1991	33	n	479068	69	szláken	FALSE	2106	892650.628	-168238.62800000003
opz35o	1991	33	n	479068	71	kokker	FALSE	1862	892650.628	-168238.62800000003
opz35o	1991	33	n	479068	72	hókens	FALSE	2322	892650.628	-168238.62800000003
opz35o	1991	33	n	479068	73	bórcer	FALSE	2568	892650.628	-168238.62800000003
opz35o	1991	33	n	479068	75	laben	TRUE	3848	892650.628	-168238.62800000003
opz35o	1991	33	n	479068	76	bálen	FALSE	2957	892650.628	-168238.62800000003
opz35o	1991	33	n	479068	77	stokler	FALSE	3649	892650.628	-168238.62800000003
opz35o	1991	33	n	479068	78	pofszett	FALSE	2476	892650.628	-168238.62800000003
opz35o	1991	33	n	479068	79	moplec	FALSE	2400	892650.628	-168238.62800000003
opz35o	1991	33	n	479068	80	pofszett	FALSE	2454	892650.628	-168238.62800000003
opz35o	1991	33	n	479068	81	voglens	FALSE	2744	892650.628	-168238.62800000003
opz35o	1991	33	n	479068	82	sudel	FALSE	2026	892650.628	-168238.62800000003
opz35o	1991	33	n	479068	83	hodel	FALSE	2509	892650.628	-168238.62800000003
opz35o	1991	33	n	479068	84	próngem	FALSE	3261	892650.628	-168238.62800000003
opz35o	1991	33	n	479068	85	suter	FALSE	1736	892650.628	-168238.62800000003
opz35o	1991	33	n	479068	86	loftvens	FALSE	1904	892650.628	-168238.62800000003
opz35o	1991	33	n	479068	87	kampesz	TRUE	2909	892650.628	-168238.62800000003
opz35o	1991	33	n	479068	88	bojex	FALSE	2356	892650.628	-168238.62800000003
opz35o	1991	33	n	479068	89	forrel	FALSE	3367	892650.628	-168238.62800000003
opz35o	1991	33	n	479068	91	pratec	FALSE	1808	892650.628	-168238.62800000003
opz35o	1991	33	n	479068	92	bálen	FALSE	3528	892650.628	-168238.62800000003
opz35o	1991	33	n	479068	93	dubex	FALSE	1421	892650.628	-168238.62800000003
opz35o	1991	33	n	479068	94	szkatyec	FALSE	2669	892650.628	-168238.62800000003
opz35o	1991	33	n	479068	97	bojex	FALSE	2672	892650.628	-168238.62800000003
opz35o	1991	33	n	479068	98	flotek	FALSE	1799	892650.628	-168238.62800000003
opz35o	1991	33	n	479068	99	kumek	FALSE	3537	892650.628	-168238.62800000003
IEFSLA	2003	21	f	265924	5	bórcer	TRUE	3900	892650.628	-168238.62800000003
IEFSLA	2003	21	f	265924	7	loftvens	FALSE	3978	892650.628	-168238.62800000003
IEFSLA	2003	21	f	265924	8	próngem	TRUE	3624	892650.628	-168238.62800000003
IEFSLA	2003	21	f	265924	10	sapec	TRUE	3110	892650.628	-168238.62800000003
IEFSLA	2003	21	f	265924	11	pratec	TRUE	2365	892650.628	-168238.62800000003
IEFSLA	2003	21	f	265924	12	dubex	FALSE	2096	892650.628	-168238.62800000003
IEFSLA	2003	21	f	265924	13	rojett	TRUE	1718	892650.628	-168238.62800000003
IEFSLA	2003	21	f	265924	15	bachesz	FALSE	2164	892650.628	-168238.62800000003
IEFSLA	2003	21	f	265924	16	gortesz	FALSE	2231	892650.628	-168238.62800000003
IEFSLA	2003	21	f	265924	17	moplec	FALSE	2778	892650.628	-168238.62800000003
IEFSLA	2003	21	f	265924	18	pódens	FALSE	2802	892650.628	-168238.62800000003
IEFSLA	2003	21	f	265924	19	voglens	FALSE	1738	892650.628	-168238.62800000003
IEFSLA	2003	21	f	265924	22	kampesz	TRUE	1670	892650.628	-168238.62800000003
IEFSLA	2003	21	f	265924	23	loftvens	FALSE	3498	892650.628	-168238.62800000003
IEFSLA	2003	21	f	265924	25	plosztem	FALSE	3743	892650.628	-168238.62800000003
IEFSLA	2003	21	f	265924	26	bálen	TRUE	1826	892650.628	-168238.62800000003
IEFSLA	2003	21	f	265924	27	tokex	FALSE	2073	892650.628	-168238.62800000003
IEFSLA	2003	21	f	265924	28	bralek	FALSE	2294	892650.628	-168238.62800000003
IEFSLA	2003	21	f	265924	29	kojex	TRUE	1599	892650.628	-168238.62800000003
IEFSLA	2003	21	f	265924	30	bralek	TRUE	1185	892650.628	-168238.62800000003
IEFSLA	2003	21	f	265924	31	pofszett	TRUE	2064	892650.628	-168238.62800000003
IEFSLA	2003	21	f	265924	32	ojett	FALSE	1751	892650.628	-168238.62800000003
IEFSLA	2003	21	f	265924	33	szláken	FALSE	2401	892650.628	-168238.62800000003
IEFSLA	2003	21	f	265924	34	pámen	TRUE	2567	892650.628	-168238.62800000003
IEFSLA	2003	21	f	265924	35	suter	FALSE	3128	892650.628	-168238.62800000003
IEFSLA	2003	21	f	265924	36	bálen	FALSE	1885	892650.628	-168238.62800000003
IEFSLA	2003	21	f	265924	37	dubex	FALSE	1835	892650.628	-168238.62800000003
IEFSLA	2003	21	f	265924	38	suter	TRUE	1460	892650.628	-168238.62800000003
IEFSLA	2003	21	f	265924	39	kampesz	TRUE	1822	892650.628	-168238.62800000003
IEFSLA	2003	21	f	265924	40	kajler	FALSE	1282	892650.628	-168238.62800000003
IEFSLA	2003	21	f	265924	41	kranel	FALSE	1948	892650.628	-168238.62800000003
IEFSLA	2003	21	f	265924	42	voglens	TRUE	2595	892650.628	-168238.62800000003
IEFSLA	2003	21	f	265924	43	sudel	TRUE	1991	892650.628	-168238.62800000003
IEFSLA	2003	21	f	265924	45	bondett	TRUE	2180	892650.628	-168238.62800000003
IEFSLA	2003	21	f	265924	46	vódett	TRUE	1830	892650.628	-168238.62800000003
IEFSLA	2003	21	f	265924	47	kokker	TRUE	3282	892650.628	-168238.62800000003
IEFSLA	2003	21	f	265924	48	kacsek	TRUE	1797	892650.628	-168238.62800000003
IEFSLA	2003	21	f	265924	49	kamesz	TRUE	2819	892650.628	-168238.62800000003
IEFSLA	2003	21	f	265924	50	kokker	TRUE	1517	892650.628	-168238.62800000003
IEFSLA	2003	21	f	265924	51	baktec	FALSE	1476	892650.628	-168238.62800000003
IEFSLA	2003	21	f	265924	52	slotens	TRUE	2818	892650.628	-168238.62800000003
IEFSLA	2003	21	f	265924	53	hókens	TRUE	1605	892650.628	-168238.62800000003
IEFSLA	2003	21	f	265924	54	sudel	TRUE	1516	892650.628	-168238.62800000003
IEFSLA	2003	21	f	265924	55	bachesz	TRUE	1364	892650.628	-168238.62800000003
IEFSLA	2003	21	f	265924	56	szkatyec	TRUE	2120	892650.628	-168238.62800000003
IEFSLA	2003	21	f	265924	57	kranel	TRUE	1118	892650.628	-168238.62800000003
IEFSLA	2003	21	f	265924	58	bondett	FALSE	921	892650.628	-168238.62800000003
IEFSLA	2003	21	f	265924	59	tosztem	TRUE	1004	892650.628	-168238.62800000003
IEFSLA	2003	21	f	265924	60	sapec	FALSE	2278	892650.628	-168238.62800000003
IEFSLA	2003	21	f	265924	61	plosztem	FALSE	641	892650.628	-168238.62800000003
IEFSLA	2003	21	f	265924	62	vódett	TRUE	1867	892650.628	-168238.62800000003
IEFSLA	2003	21	f	265924	63	ubrem	FALSE	2617	892650.628	-168238.62800000003
IEFSLA	2003	21	f	265924	64	flotek	TRUE	2579	892650.628	-168238.62800000003
IEFSLA	2003	21	f	265924	65	takkesz	TRUE	1689	892650.628	-168238.62800000003
IEFSLA	2003	21	f	265924	66	baktec	TRUE	1301	892650.628	-168238.62800000003
IEFSLA	2003	21	f	265924	67	saklek	TRUE	1180	892650.628	-168238.62800000003
IEFSLA	2003	21	f	265924	68	laben	TRUE	1188	892650.628	-168238.62800000003
IEFSLA	2003	21	f	265924	69	kajler	TRUE	1006	892650.628	-168238.62800000003
IEFSLA	2003	21	f	265924	70	kumek	TRUE	1219	892650.628	-168238.62800000003
IEFSLA	2003	21	f	265924	71	pódens	TRUE	1146	892650.628	-168238.62800000003
IEFSLA	2003	21	f	265924	72	hókens	TRUE	1248	892650.628	-168238.62800000003
IEFSLA	2003	21	f	265924	73	kamesz	TRUE	1226	892650.628	-168238.62800000003
IEFSLA	2003	21	f	265924	74	daken	TRUE	956	892650.628	-168238.62800000003
IEFSLA	2003	21	f	265924	75	stokler	TRUE	1017	892650.628	-168238.62800000003
IEFSLA	2003	21	f	265924	76	hacel	TRUE	1141	892650.628	-168238.62800000003
IEFSLA	2003	21	f	265924	77	hodel	TRUE	1180	892650.628	-168238.62800000003
IEFSLA	2003	21	f	265924	78	szláken	TRUE	1231	892650.628	-168238.62800000003
IEFSLA	2003	21	f	265924	79	moplec	TRUE	1529	892650.628	-168238.62800000003
IEFSLA	2003	21	f	265924	80	daken	TRUE	1768	892650.628	-168238.62800000003
IEFSLA	2003	21	f	265924	81	gortesz	TRUE	1005	892650.628	-168238.62800000003
IEFSLA	2003	21	f	265924	82	bojex	TRUE	1183	892650.628	-168238.62800000003
IEFSLA	2003	21	f	265924	83	forrel	TRUE	729	892650.628	-168238.62800000003
IEFSLA	2003	21	f	265924	84	ojett	TRUE	762	892650.628	-168238.62800000003
IEFSLA	2003	21	f	265924	85	laben	TRUE	1602	892650.628	-168238.62800000003
IEFSLA	2003	21	f	265924	86	bórcer	TRUE	1017	892650.628	-168238.62800000003
IEFSLA	2003	21	f	265924	87	bojex	TRUE	816	892650.628	-168238.62800000003
IEFSLA	2003	21	f	265924	88	pámen	TRUE	1607	892650.628	-168238.62800000003
IEFSLA	2003	21	f	265924	89	mojem	TRUE	1765	892650.628	-168238.62800000003
IEFSLA	2003	21	f	265924	90	hodel	TRUE	1486	892650.628	-168238.62800000003
IEFSLA	2003	21	f	265924	91	mojem	TRUE	1340	892650.628	-168238.62800000003
IEFSLA	2003	21	f	265924	92	saklek	TRUE	2589	892650.628	-168238.62800000003
IEFSLA	2003	21	f	265924	93	tokex	TRUE	2792	892650.628	-168238.62800000003
IEFSLA	2003	21	f	265924	94	rojett	TRUE	980	892650.628	-168238.62800000003
IEFSLA	2003	21	f	265924	95	forrel	TRUE	889	892650.628	-168238.62800000003
IEFSLA	2003	21	f	265924	97	flotek	TRUE	3325	892650.628	-168238.62800000003
IEFSLA	2003	21	f	265924	98	takkesz	TRUE	1339	892650.628	-168238.62800000003
IEFSLA	2003	21	f	265924	99	kojex	TRUE	1304	892650.628	-168238.62800000003
IEFSLA	2003	21	f	265924	100	trumlex	FALSE	1498	892650.628	-168238.62800000003
I96K3F	2003	21	nő	558269	24	tokex	FALSE	3718	892650.628	-168238.62800000003
I96K3F	2003	21	nő	558269	28	gortesz	TRUE	3241	892650.628	-168238.62800000003
I96K3F	2003	21	nő	558269	33	saklek	TRUE	3980	892650.628	-168238.62800000003
I96K3F	2003	21	nő	558269	34	daken	FALSE	3580	892650.628	-168238.62800000003
I96K3F	2003	21	nő	558269	35	kokker	FALSE	3650	892650.628	-168238.62800000003
I96K3F	2003	21	nő	558269	36	daken	TRUE	3383	892650.628	-168238.62800000003
I96K3F	2003	21	nő	558269	38	forrel	FALSE	3340	892650.628	-168238.62800000003
I96K3F	2003	21	nő	558269	40	takkesz	FALSE	3069	892650.628	-168238.62800000003
I96K3F	2003	21	nő	558269	44	bachesz	FALSE	3982	892650.628	-168238.62800000003
I96K3F	2003	21	nő	558269	45	bórcer	FALSE	3659	892650.628	-168238.62800000003
I96K3F	2003	21	nő	558269	46	plosztem	FALSE	3474	892650.628	-168238.62800000003
I96K3F	2003	21	nő	558269	47	pámen	FALSE	2662	892650.628	-168238.62800000003
I96K3F	2003	21	nő	558269	48	kojex	FALSE	2926	892650.628	-168238.62800000003
I96K3F	2003	21	nő	558269	52	voglens	FALSE	3138	892650.628	-168238.62800000003
I96K3F	2003	21	nő	558269	53	mojem	TRUE	2734	892650.628	-168238.62800000003
I96K3F	2003	21	nő	558269	56	bralek	FALSE	3728	892650.628	-168238.62800000003
I96K3F	2003	21	nő	558269	58	ojett	FALSE	2840	892650.628	-168238.62800000003
I96K3F	2003	21	nő	558269	62	kampesz	TRUE	2474	892650.628	-168238.62800000003
I96K3F	2003	21	nő	558269	65	gortesz	TRUE	2065	892650.628	-168238.62800000003
I96K3F	2003	21	nő	558269	70	sudel	TRUE	3309	892650.628	-168238.62800000003
I96K3F	2003	21	nő	558269	72	hacel	TRUE	2530	892650.628	-168238.62800000003
I96K3F	2003	21	nő	558269	73	kacsek	TRUE	2001	892650.628	-168238.62800000003
I96K3F	2003	21	nő	558269	77	hacel	FALSE	2923	892650.628	-168238.62800000003
I96K3F	2003	21	nő	558269	79	flotek	TRUE	3570	892650.628	-168238.62800000003
I96K3F	2003	21	nő	558269	80	stokler	FALSE	3926	892650.628	-168238.62800000003
I96K3F	2003	21	nő	558269	83	hókens	TRUE	3589	892650.628	-168238.62800000003
I96K3F	2003	21	nő	558269	85	pódens	FALSE	2985	892650.628	-168238.62800000003
I96K3F	2003	21	nő	558269	87	bojex	TRUE	2948	892650.628	-168238.62800000003
I96K3F	2003	21	nő	558269	88	dubex	TRUE	1424	892650.628	-168238.62800000003
I96K3F	2003	21	nő	558269	90	pámen	TRUE	2809	892650.628	-168238.62800000003
I96K3F	2003	21	nő	558269	91	bralek	TRUE	3956	892650.628	-168238.62800000003
I96K3F	2003	21	nő	558269	92	saklek	TRUE	3696	892650.628	-168238.62800000003
I96K3F	2003	21	nő	558269	94	kranel	TRUE	2691	892650.628	-168238.62800000003
I96K3F	2003	21	nő	558269	96	kajler	FALSE	2499	892650.628	-168238.62800000003
I96K3F	2003	21	nő	558269	97	loftvens	TRUE	3517	892650.628	-168238.62800000003
DRY8K8	2004	20	nő	260381	1	kumek	FALSE	1704	892650.628	-168238.62800000003
DRY8K8	2004	20	nő	260381	2	trumlex	FALSE	2071	892650.628	-168238.62800000003
DRY8K8	2004	20	nő	260381	3	bojex	FALSE	1783	892650.628	-168238.62800000003
DRY8K8	2004	20	nő	260381	4	szkatyec	FALSE	2556	892650.628	-168238.62800000003
DRY8K8	2004	20	nő	260381	6	vódett	FALSE	3670	892650.628	-168238.62800000003
DRY8K8	2004	20	nő	260381	7	laben	TRUE	3533	892650.628	-168238.62800000003
DRY8K8	2004	20	nő	260381	8	moplec	TRUE	3093	892650.628	-168238.62800000003
DRY8K8	2004	20	nő	260381	9	ojett	TRUE	2864	892650.628	-168238.62800000003
DRY8K8	2004	20	nő	260381	10	flotek	TRUE	3182	892650.628	-168238.62800000003
DRY8K8	2004	20	nő	260381	15	kojex	TRUE	3793	892650.628	-168238.62800000003
DRY8K8	2004	20	nő	260381	16	bralek	FALSE	3120	892650.628	-168238.62800000003
DRY8K8	2004	20	nő	260381	17	plosztem	FALSE	2647	892650.628	-168238.62800000003
DRY8K8	2004	20	nő	260381	19	kajler	TRUE	1570	892650.628	-168238.62800000003
DRY8K8	2004	20	nő	260381	20	daken	TRUE	1230	892650.628	-168238.62800000003
DRY8K8	2004	20	nő	260381	21	hókens	FALSE	1952	892650.628	-168238.62800000003
DRY8K8	2004	20	nő	260381	22	sapec	TRUE	1696	892650.628	-168238.62800000003
DRY8K8	2004	20	nő	260381	23	tokex	FALSE	2244	892650.628	-168238.62800000003
DRY8K8	2004	20	nő	260381	25	kokker	FALSE	1761	892650.628	-168238.62800000003
DRY8K8	2004	20	nő	260381	27	ojett	FALSE	3590	892650.628	-168238.62800000003
DRY8K8	2004	20	nő	260381	28	bórcer	FALSE	3926	892650.628	-168238.62800000003
DRY8K8	2004	20	nő	260381	29	bórcer	TRUE	2093	892650.628	-168238.62800000003
DRY8K8	2004	20	nő	260381	30	hacel	FALSE	3517	892650.628	-168238.62800000003
DRY8K8	2004	20	nő	260381	31	pámen	TRUE	1390	892650.628	-168238.62800000003
DRY8K8	2004	20	nő	260381	32	hodel	TRUE	1343	892650.628	-168238.62800000003
DRY8K8	2004	20	nő	260381	33	suter	TRUE	1104	892650.628	-168238.62800000003
DRY8K8	2004	20	nő	260381	34	forrel	TRUE	1044	892650.628	-168238.62800000003
DRY8K8	2004	20	nő	260381	35	stokler	TRUE	1734	892650.628	-168238.62800000003
DRY8K8	2004	20	nő	260381	36	bachesz	FALSE	3558	892650.628	-168238.62800000003
DRY8K8	2004	20	nő	260381	37	gortesz	FALSE	2040	892650.628	-168238.62800000003
DRY8K8	2004	20	nő	260381	38	bálen	FALSE	3219	892650.628	-168238.62800000003
DRY8K8	2004	20	nő	260381	40	pofszett	FALSE	3602	892650.628	-168238.62800000003
DRY8K8	2004	20	nő	260381	41	hókens	FALSE	3332	892650.628	-168238.62800000003
DRY8K8	2004	20	nő	260381	43	bachesz	TRUE	1875	892650.628	-168238.62800000003
DRY8K8	2004	20	nő	260381	44	hodel	FALSE	2247	892650.628	-168238.62800000003
DRY8K8	2004	20	nő	260381	45	bálen	FALSE	2061	892650.628	-168238.62800000003
DRY8K8	2004	20	nő	260381	46	suter	FALSE	1655	892650.628	-168238.62800000003
DRY8K8	2004	20	nő	260381	47	voglens	FALSE	1805	892650.628	-168238.62800000003
DRY8K8	2004	20	nő	260381	48	tosztem	FALSE	2912	892650.628	-168238.62800000003
DRY8K8	2004	20	nő	260381	49	daken	FALSE	2175	892650.628	-168238.62800000003
DRY8K8	2004	20	nő	260381	50	kumek	FALSE	3243	892650.628	-168238.62800000003
DRY8K8	2004	20	nő	260381	53	sudel	FALSE	1836	892650.628	-168238.62800000003
DRY8K8	2004	20	nő	260381	54	sapec	TRUE	1606	892650.628	-168238.62800000003
DRY8K8	2004	20	nő	260381	55	bondett	FALSE	2569	892650.628	-168238.62800000003
DRY8K8	2004	20	nő	260381	57	pofszett	FALSE	1784	892650.628	-168238.62800000003
DRY8K8	2004	20	nő	260381	58	bondett	FALSE	1291	892650.628	-168238.62800000003
DRY8K8	2004	20	nő	260381	59	ubrem	FALSE	2206	892650.628	-168238.62800000003
DRY8K8	2004	20	nő	260381	60	kamesz	FALSE	1692	892650.628	-168238.62800000003
DRY8K8	2004	20	nő	260381	61	takkesz	FALSE	1419	892650.628	-168238.62800000003
DRY8K8	2004	20	nő	260381	62	vódett	FALSE	1343	892650.628	-168238.62800000003
DRY8K8	2004	20	nő	260381	63	szláken	FALSE	2192	892650.628	-168238.62800000003
DRY8K8	2004	20	nő	260381	64	kamesz	FALSE	2142	892650.628	-168238.62800000003
DRY8K8	2004	20	nő	260381	65	mojem	FALSE	1545	892650.628	-168238.62800000003
DRY8K8	2004	20	nő	260381	66	kacsek	FALSE	3249	892650.628	-168238.62800000003
DRY8K8	2004	20	nő	260381	67	voglens	FALSE	2660	892650.628	-168238.62800000003
DRY8K8	2004	20	nő	260381	69	baktec	FALSE	1218	892650.628	-168238.62800000003
DRY8K8	2004	20	nő	260381	70	dubex	FALSE	1531	892650.628	-168238.62800000003
DRY8K8	2004	20	nő	260381	71	flotek	FALSE	2828	892650.628	-168238.62800000003
DRY8K8	2004	20	nő	260381	72	hacel	FALSE	2303	892650.628	-168238.62800000003
DRY8K8	2004	20	nő	260381	73	kranel	FALSE	1904	892650.628	-168238.62800000003
DRY8K8	2004	20	nő	260381	74	moplec	FALSE	2105	892650.628	-168238.62800000003
DRY8K8	2004	20	nő	260381	75	trumlex	FALSE	2101	892650.628	-168238.62800000003
DRY8K8	2004	20	nő	260381	76	pratec	FALSE	1507	892650.628	-168238.62800000003
DRY8K8	2004	20	nő	260381	77	loftvens	FALSE	2134	892650.628	-168238.62800000003
DRY8K8	2004	20	nő	260381	78	gortesz	FALSE	1965	892650.628	-168238.62800000003
DRY8K8	2004	20	nő	260381	79	laben	FALSE	1937	892650.628	-168238.62800000003
DRY8K8	2004	20	nő	260381	80	kampesz	FALSE	3316	892650.628	-168238.62800000003
DRY8K8	2004	20	nő	260381	81	dubex	FALSE	1729	892650.628	-168238.62800000003
DRY8K8	2004	20	nő	260381	82	pódens	FALSE	1631	892650.628	-168238.62800000003
DRY8K8	2004	20	nő	260381	83	próngem	FALSE	2047	892650.628	-168238.62800000003
DRY8K8	2004	20	nő	260381	84	rojett	FALSE	1398	892650.628	-168238.62800000003
DRY8K8	2004	20	nő	260381	85	saklek	FALSE	2110	892650.628	-168238.62800000003
DRY8K8	2004	20	nő	260381	86	mojem	FALSE	2007	892650.628	-168238.62800000003
DRY8K8	2004	20	nő	260381	87	sudel	FALSE	3302	892650.628	-168238.62800000003
DRY8K8	2004	20	nő	260381	88	stokler	FALSE	2870	892650.628	-168238.62800000003
DRY8K8	2004	20	nő	260381	89	saklek	FALSE	1919	892650.628	-168238.62800000003
DRY8K8	2004	20	nő	260381	90	tokex	FALSE	2867	892650.628	-168238.62800000003
DRY8K8	2004	20	nő	260381	91	tosztem	FALSE	2016	892650.628	-168238.62800000003
DRY8K8	2004	20	nő	260381	92	bojex	FALSE	1195	892650.628	-168238.62800000003
DRY8K8	2004	20	nő	260381	93	pratec	FALSE	2009	892650.628	-168238.62800000003
DRY8K8	2004	20	nő	260381	94	próngem	FALSE	1662	892650.628	-168238.62800000003
DRY8K8	2004	20	nő	260381	95	ubrem	FALSE	1214	892650.628	-168238.62800000003
DRY8K8	2004	20	nő	260381	96	kojex	FALSE	1155	892650.628	-168238.62800000003
DRY8K8	2004	20	nő	260381	97	slotens	FALSE	1306	892650.628	-168238.62800000003
DRY8K8	2004	20	nő	260381	98	slotens	FALSE	2201	892650.628	-168238.62800000003
DRY8K8	2004	20	nő	260381	99	rojett	FALSE	932	892650.628	-168238.62800000003
DRY8K8	2004	20	nő	260381	100	kacsek	FALSE	1249	892650.628	-168238.62800000003
J8UG1R	2005	19	n	247281	1	pódens	FALSE	2145	892650.628	-168238.62800000003
J8UG1R	2005	19	n	247281	2	hodel	FALSE	1382	892650.628	-168238.62800000003
J8UG1R	2005	19	n	247281	3	bachesz	FALSE	3000	892650.628	-168238.62800000003
J8UG1R	2005	19	n	247281	4	próngem	TRUE	1970	892650.628	-168238.62800000003
J8UG1R	2005	19	n	247281	5	ojett	TRUE	2246	892650.628	-168238.62800000003
J8UG1R	2005	19	n	247281	6	kampesz	TRUE	2572	892650.628	-168238.62800000003
J8UG1R	2005	19	n	247281	7	gortesz	FALSE	2555	892650.628	-168238.62800000003
J8UG1R	2005	19	n	247281	8	flotek	TRUE	3323	892650.628	-168238.62800000003
J8UG1R	2005	19	n	247281	9	kranel	FALSE	3336	892650.628	-168238.62800000003
J8UG1R	2005	19	n	247281	10	bórcer	FALSE	3389	892650.628	-168238.62800000003
J8UG1R	2005	19	n	247281	11	voglens	FALSE	2832	892650.628	-168238.62800000003
J8UG1R	2005	19	n	247281	12	moplec	TRUE	1608	892650.628	-168238.62800000003
J8UG1R	2005	19	n	247281	13	sudel	TRUE	1905	892650.628	-168238.62800000003
J8UG1R	2005	19	n	247281	14	bojex	TRUE	3218	892650.628	-168238.62800000003
J8UG1R	2005	19	n	247281	15	suter	TRUE	2374	892650.628	-168238.62800000003
J8UG1R	2005	19	n	247281	16	pámen	FALSE	1741	892650.628	-168238.62800000003
J8UG1R	2005	19	n	247281	17	ubrem	FALSE	1723	892650.628	-168238.62800000003
J8UG1R	2005	19	n	247281	18	tosztem	TRUE	1937	892650.628	-168238.62800000003
J8UG1R	2005	19	n	247281	19	flotek	FALSE	1318	892650.628	-168238.62800000003
J8UG1R	2005	19	n	247281	20	ubrem	TRUE	1024	892650.628	-168238.62800000003
J8UG1R	2005	19	n	247281	21	kokker	FALSE	1329	892650.628	-168238.62800000003
J8UG1R	2005	19	n	247281	22	kajler	FALSE	1941	892650.628	-168238.62800000003
J8UG1R	2005	19	n	247281	23	slotens	TRUE	2304	892650.628	-168238.62800000003
J8UG1R	2005	19	n	247281	24	daken	TRUE	1352	892650.628	-168238.62800000003
J8UG1R	2005	19	n	247281	25	kojex	FALSE	1453	892650.628	-168238.62800000003
J8UG1R	2005	19	n	247281	26	baktec	TRUE	2126	892650.628	-168238.62800000003
J8UG1R	2005	19	n	247281	27	rojett	TRUE	1569	892650.628	-168238.62800000003
J8UG1R	2005	19	n	247281	30	hodel	FALSE	2966	892650.628	-168238.62800000003
J8UG1R	2005	19	n	247281	31	plosztem	TRUE	1385	892650.628	-168238.62800000003
J8UG1R	2005	19	n	247281	32	moplec	TRUE	1594	892650.628	-168238.62800000003
J8UG1R	2005	19	n	247281	33	rojett	TRUE	1888	892650.628	-168238.62800000003
J8UG1R	2005	19	n	247281	34	hókens	FALSE	1958	892650.628	-168238.62800000003
J8UG1R	2005	19	n	247281	35	vódett	TRUE	2237	892650.628	-168238.62800000003
J8UG1R	2005	19	n	247281	36	stokler	FALSE	1518	892650.628	-168238.62800000003
J8UG1R	2005	19	n	247281	37	loftvens	TRUE	2106	892650.628	-168238.62800000003
J8UG1R	2005	19	n	247281	38	bojex	FALSE	3304	892650.628	-168238.62800000003
J8UG1R	2005	19	n	247281	39	takkesz	FALSE	3357	892650.628	-168238.62800000003
J8UG1R	2005	19	n	247281	40	sudel	FALSE	2338	892650.628	-168238.62800000003
J8UG1R	2005	19	n	247281	41	pratec	FALSE	2744	892650.628	-168238.62800000003
J8UG1R	2005	19	n	247281	42	pódens	FALSE	2847	892650.628	-168238.62800000003
J8UG1R	2005	19	n	247281	43	szláken	FALSE	2840	892650.628	-168238.62800000003
J8UG1R	2005	19	n	247281	44	hacel	FALSE	3193	892650.628	-168238.62800000003
J8UG1R	2005	19	n	247281	45	sapec	TRUE	2838	892650.628	-168238.62800000003
J8UG1R	2005	19	n	247281	46	saklek	FALSE	1984	892650.628	-168238.62800000003
J8UG1R	2005	19	n	247281	47	forrel	TRUE	2044	892650.628	-168238.62800000003
J8UG1R	2005	19	n	247281	48	trumlex	TRUE	3874	892650.628	-168238.62800000003
J8UG1R	2005	19	n	247281	49	bálen	FALSE	118	892650.628	-168238.62800000003
J8UG1R	2005	19	n	247281	50	pámen	FALSE	2158	892650.628	-168238.62800000003
J8UG1R	2005	19	n	247281	51	kranel	TRUE	2065	892650.628	-168238.62800000003
J8UG1R	2005	19	n	247281	52	saklek	FALSE	2351	892650.628	-168238.62800000003
J8UG1R	2005	19	n	247281	53	kamesz	TRUE	1791	892650.628	-168238.62800000003
J8UG1R	2005	19	n	247281	54	stokler	FALSE	1928	892650.628	-168238.62800000003
J8UG1R	2005	19	n	247281	55	daken	TRUE	2072	892650.628	-168238.62800000003
J8UG1R	2005	19	n	247281	56	kacsek	TRUE	1390	892650.628	-168238.62800000003
J8UG1R	2005	19	n	247281	57	bórcer	FALSE	1907	892650.628	-168238.62800000003
J8UG1R	2005	19	n	247281	58	hókens	FALSE	1828	892650.628	-168238.62800000003
J8UG1R	2005	19	n	247281	59	kampesz	TRUE	1858	892650.628	-168238.62800000003
J8UG1R	2005	19	n	247281	60	kumek	TRUE	2117	892650.628	-168238.62800000003
J8UG1R	2005	19	n	247281	62	kumek	TRUE	1825	892650.628	-168238.62800000003
J8UG1R	2005	19	n	247281	63	plosztem	FALSE	2080	892650.628	-168238.62800000003
J8UG1R	2005	19	n	247281	65	loftvens	FALSE	3265	892650.628	-168238.62800000003
J8UG1R	2005	19	n	247281	66	tokex	FALSE	3564	892650.628	-168238.62800000003
J8UG1R	2005	19	n	247281	67	forrel	TRUE	1770	892650.628	-168238.62800000003
J8UG1R	2005	19	n	247281	68	tosztem	FALSE	1440	892650.628	-168238.62800000003
J8UG1R	2005	19	n	247281	69	kamesz	TRUE	954	892650.628	-168238.62800000003
J8UG1R	2005	19	n	247281	70	szkatyec	FALSE	1046	892650.628	-168238.62800000003
J8UG1R	2005	19	n	247281	71	pofszett	FALSE	2320	892650.628	-168238.62800000003
J8UG1R	2005	19	n	247281	72	szkatyec	FALSE	3092	892650.628	-168238.62800000003
J8UG1R	2005	19	n	247281	73	bondett	TRUE	1460	892650.628	-168238.62800000003
J8UG1R	2005	19	n	247281	74	mojem	FALSE	2153	892650.628	-168238.62800000003
J8UG1R	2005	19	n	247281	75	laben	FALSE	3525	892650.628	-168238.62800000003
J8UG1R	2005	19	n	247281	76	kojex	FALSE	1691	892650.628	-168238.62800000003
J8UG1R	2005	19	n	247281	77	kokker	TRUE	2089	892650.628	-168238.62800000003
J8UG1R	2005	19	n	247281	78	bálen	FALSE	3148	892650.628	-168238.62800000003
J8UG1R	2005	19	n	247281	79	ojett	FALSE	2871	892650.628	-168238.62800000003
J8UG1R	2005	19	n	247281	80	trumlex	FALSE	3101	892650.628	-168238.62800000003
J8UG1R	2005	19	n	247281	81	voglens	FALSE	3236	892650.628	-168238.62800000003
J8UG1R	2005	19	n	247281	83	vódett	FALSE	3667	892650.628	-168238.62800000003
J8UG1R	2005	19	n	247281	85	bralek	TRUE	2726	892650.628	-168238.62800000003
J8UG1R	2005	19	n	247281	86	próngem	FALSE	1915	892650.628	-168238.62800000003
J8UG1R	2005	19	n	247281	87	mojem	FALSE	2474	892650.628	-168238.62800000003
J8UG1R	2005	19	n	247281	88	gortesz	TRUE	2900	892650.628	-168238.62800000003
J8UG1R	2005	19	n	247281	89	kacsek	TRUE	2105	892650.628	-168238.62800000003
J8UG1R	2005	19	n	247281	90	pofszett	FALSE	3006	892650.628	-168238.62800000003
J8UG1R	2005	19	n	247281	91	bachesz	FALSE	1935	892650.628	-168238.62800000003
J8UG1R	2005	19	n	247281	92	pratec	FALSE	2771	892650.628	-168238.62800000003
J8UG1R	2005	19	n	247281	93	bondett	TRUE	2465	892650.628	-168238.62800000003
J8UG1R	2005	19	n	247281	94	slotens	FALSE	1927	892650.628	-168238.62800000003
J8UG1R	2005	19	n	247281	95	bralek	TRUE	2705	892650.628	-168238.62800000003
J8UG1R	2005	19	n	247281	96	laben	FALSE	2375	892650.628	-168238.62800000003
J8UG1R	2005	19	n	247281	97	dubex	TRUE	2740	892650.628	-168238.62800000003
J8UG1R	2005	19	n	247281	98	dubex	TRUE	2197	892650.628	-168238.62800000003
J8UG1R	2005	19	n	247281	99	kajler	TRUE	2408	892650.628	-168238.62800000003
J8UG1R	2005	19	n	247281	100	baktec	FALSE	1900	892650.628	-168238.62800000003
JPO85Z	2002	22	Férfi	121122	1	bórcer	FALSE	2886	892650.628	-168238.62800000003
JPO85Z	2002	22	Férfi	121122	2	kajler	FALSE	2844	892650.628	-168238.62800000003
JPO85Z	2002	22	Férfi	121122	3	bojex	FALSE	1997	892650.628	-168238.62800000003
JPO85Z	2002	22	Férfi	121122	4	slotens	FALSE	1335	892650.628	-168238.62800000003
JPO85Z	2002	22	Férfi	121122	5	pofszett	FALSE	1342	892650.628	-168238.62800000003
JPO85Z	2002	22	Férfi	121122	6	rojett	FALSE	938	892650.628	-168238.62800000003
JPO85Z	2002	22	Férfi	121122	7	pratec	FALSE	1042	892650.628	-168238.62800000003
JPO85Z	2002	22	Férfi	121122	8	sudel	FALSE	1511	892650.628	-168238.62800000003
JPO85Z	2002	22	Férfi	121122	9	gortesz	TRUE	1982	892650.628	-168238.62800000003
JPO85Z	2002	22	Férfi	121122	10	stokler	FALSE	1288	892650.628	-168238.62800000003
JPO85Z	2002	22	Férfi	121122	11	kamesz	FALSE	2501	892650.628	-168238.62800000003
JPO85Z	2002	22	Férfi	121122	12	trumlex	FALSE	1364	892650.628	-168238.62800000003
JPO85Z	2002	22	Férfi	121122	13	pámen	FALSE	1266	892650.628	-168238.62800000003
JPO85Z	2002	22	Férfi	121122	14	flotek	FALSE	1852	892650.628	-168238.62800000003
JPO85Z	2002	22	Férfi	121122	15	próngem	FALSE	3450	892650.628	-168238.62800000003
JPO85Z	2002	22	Férfi	121122	16	plosztem	FALSE	1025	892650.628	-168238.62800000003
JPO85Z	2002	22	Férfi	121122	17	kamesz	TRUE	2684	892650.628	-168238.62800000003
JPO85Z	2002	22	Férfi	121122	18	saklek	FALSE	2172	892650.628	-168238.62800000003
JPO85Z	2002	22	Férfi	121122	19	ojett	FALSE	1029	892650.628	-168238.62800000003
JPO85Z	2002	22	Férfi	121122	20	forrel	FALSE	1250	892650.628	-168238.62800000003
JPO85Z	2002	22	Férfi	121122	21	bondett	FALSE	1287	892650.628	-168238.62800000003
JPO85Z	2002	22	Férfi	121122	22	takkesz	FALSE	1263	892650.628	-168238.62800000003
JPO85Z	2002	22	Férfi	121122	23	ojett	FALSE	2175	892650.628	-168238.62800000003
JPO85Z	2002	22	Férfi	121122	24	loftvens	FALSE	1720	892650.628	-168238.62800000003
JPO85Z	2002	22	Férfi	121122	25	bórcer	FALSE	1459	892650.628	-168238.62800000003
JPO85Z	2002	22	Férfi	121122	26	szkatyec	FALSE	958	892650.628	-168238.62800000003
JPO85Z	2002	22	Férfi	121122	27	hodel	FALSE	1218	892650.628	-168238.62800000003
JPO85Z	2002	22	Férfi	121122	28	pódens	FALSE	1709	892650.628	-168238.62800000003
JPO85Z	2002	22	Férfi	121122	29	slotens	FALSE	1253	892650.628	-168238.62800000003
JPO85Z	2002	22	Férfi	121122	30	hókens	FALSE	1363	892650.628	-168238.62800000003
JPO85Z	2002	22	Férfi	121122	31	voglens	FALSE	1483	892650.628	-168238.62800000003
JPO85Z	2002	22	Férfi	121122	32	suter	FALSE	1656	892650.628	-168238.62800000003
JPO85Z	2002	22	Férfi	121122	33	dubex	FALSE	1003	892650.628	-168238.62800000003
JPO85Z	2002	22	Férfi	121122	34	mojem	FALSE	935	892650.628	-168238.62800000003
JPO85Z	2002	22	Férfi	121122	35	kampesz	TRUE	3174	892650.628	-168238.62800000003
JPO85Z	2002	22	Férfi	121122	36	pámen	FALSE	1054	892650.628	-168238.62800000003
JPO85Z	2002	22	Férfi	121122	37	kokker	TRUE	2784	892650.628	-168238.62800000003
JPO85Z	2002	22	Férfi	121122	38	bachesz	FALSE	908	892650.628	-168238.62800000003
JPO85Z	2002	22	Férfi	121122	39	sapec	FALSE	1585	892650.628	-168238.62800000003
JPO85Z	2002	22	Férfi	121122	40	gortesz	TRUE	2106	892650.628	-168238.62800000003
JPO85Z	2002	22	Férfi	121122	41	bralek	FALSE	904	892650.628	-168238.62800000003
JPO85Z	2002	22	Férfi	121122	42	loftvens	FALSE	1041	892650.628	-168238.62800000003
JPO85Z	2002	22	Férfi	121122	43	laben	FALSE	709	892650.628	-168238.62800000003
JPO85Z	2002	22	Férfi	121122	44	vódett	FALSE	853	892650.628	-168238.62800000003
JPO85Z	2002	22	Férfi	121122	45	próngem	FALSE	780	892650.628	-168238.62800000003
JPO85Z	2002	22	Férfi	121122	46	szkatyec	FALSE	700	892650.628	-168238.62800000003
JPO85Z	2002	22	Férfi	121122	47	laben	FALSE	631	892650.628	-168238.62800000003
JPO85Z	2002	22	Férfi	121122	48	tosztem	FALSE	610	892650.628	-168238.62800000003
JPO85Z	2002	22	Férfi	121122	49	flotek	FALSE	684	892650.628	-168238.62800000003
JPO85Z	2002	22	Férfi	121122	50	trumlex	FALSE	679	892650.628	-168238.62800000003
JPO85Z	2002	22	Férfi	121122	51	tokex	FALSE	1203	892650.628	-168238.62800000003
JPO85Z	2002	22	Férfi	121122	52	pofszett	FALSE	891	892650.628	-168238.62800000003
JPO85Z	2002	22	Férfi	121122	53	kranel	FALSE	543	892650.628	-168238.62800000003
JPO85Z	2002	22	Férfi	121122	54	moplec	FALSE	544	892650.628	-168238.62800000003
JPO85Z	2002	22	Férfi	121122	55	hodel	FALSE	643	892650.628	-168238.62800000003
JPO85Z	2002	22	Férfi	121122	56	pódens	FALSE	1039	892650.628	-168238.62800000003
JPO85Z	2002	22	Férfi	121122	57	bálen	FALSE	564	892650.628	-168238.62800000003
JPO85Z	2002	22	Férfi	121122	58	plosztem	FALSE	648	892650.628	-168238.62800000003
JPO85Z	2002	22	Férfi	121122	59	kacsek	FALSE	1292	892650.628	-168238.62800000003
JPO85Z	2002	22	Férfi	121122	60	sudel	FALSE	707	892650.628	-168238.62800000003
JPO85Z	2002	22	Férfi	121122	61	rojett	FALSE	750	892650.628	-168238.62800000003
JPO85Z	2002	22	Férfi	121122	62	bondett	FALSE	791	892650.628	-168238.62800000003
JPO85Z	2002	22	Férfi	121122	63	saklek	FALSE	870	892650.628	-168238.62800000003
JPO85Z	2002	22	Férfi	121122	64	takkesz	FALSE	685	892650.628	-168238.62800000003
JPO85Z	2002	22	Férfi	121122	65	pratec	FALSE	734	892650.628	-168238.62800000003
JPO85Z	2002	22	Férfi	121122	66	vódett	FALSE	769	892650.628	-168238.62800000003
JPO85Z	2002	22	Férfi	121122	67	kumek	FALSE	793	892650.628	-168238.62800000003
JPO85Z	2002	22	Férfi	121122	68	hókens	FALSE	1070	892650.628	-168238.62800000003
JPO85Z	2002	22	Férfi	121122	69	kajler	FALSE	609	892650.628	-168238.62800000003
JPO85Z	2002	22	Férfi	121122	70	mojem	FALSE	528	892650.628	-168238.62800000003
JPO85Z	2002	22	Férfi	121122	71	kacsek	TRUE	2722	892650.628	-168238.62800000003
JPO85Z	2002	22	Férfi	121122	72	sapec	FALSE	671	892650.628	-168238.62800000003
JPO85Z	2002	22	Férfi	121122	73	szláken	FALSE	915	892650.628	-168238.62800000003
JPO85Z	2002	22	Férfi	121122	74	kumek	FALSE	1000	892650.628	-168238.62800000003
JPO85Z	2002	22	Férfi	121122	75	kojex	FALSE	750	892650.628	-168238.62800000003
JPO85Z	2002	22	Férfi	121122	76	szláken	FALSE	775	892650.628	-168238.62800000003
JPO85Z	2002	22	Férfi	121122	77	kranel	FALSE	1463	892650.628	-168238.62800000003
JPO85Z	2002	22	Férfi	121122	78	hacel	FALSE	534	892650.628	-168238.62800000003
JPO85Z	2002	22	Férfi	121122	79	bálen	FALSE	633	892650.628	-168238.62800000003
JPO85Z	2002	22	Férfi	121122	80	kokker	TRUE	1396	892650.628	-168238.62800000003
JPO85Z	2002	22	Férfi	121122	81	bralek	FALSE	1292	892650.628	-168238.62800000003
JPO85Z	2002	22	Férfi	121122	82	bojex	FALSE	1257	892650.628	-168238.62800000003
JPO85Z	2002	22	Férfi	121122	83	ubrem	FALSE	800	892650.628	-168238.62800000003
JPO85Z	2002	22	Férfi	121122	84	moplec	FALSE	989	892650.628	-168238.62800000003
JPO85Z	2002	22	Férfi	121122	85	daken	FALSE	571	892650.628	-168238.62800000003
JPO85Z	2002	22	Férfi	121122	86	kampesz	TRUE	3278	892650.628	-168238.62800000003
JPO85Z	2002	22	Férfi	121122	87	baktec	FALSE	513	892650.628	-168238.62800000003
JPO85Z	2002	22	Férfi	121122	88	daken	FALSE	1094	892650.628	-168238.62800000003
JPO85Z	2002	22	Férfi	121122	89	tosztem	FALSE	2856	892650.628	-168238.62800000003
JPO85Z	2002	22	Férfi	121122	90	hacel	FALSE	591	892650.628	-168238.62800000003
JPO85Z	2002	22	Férfi	121122	91	bachesz	FALSE	580	892650.628	-168238.62800000003
JPO85Z	2002	22	Férfi	121122	92	stokler	FALSE	827	892650.628	-168238.62800000003
JPO85Z	2002	22	Férfi	121122	93	baktec	FALSE	578	892650.628	-168238.62800000003
JPO85Z	2002	22	Férfi	121122	94	forrel	FALSE	719	892650.628	-168238.62800000003
JPO85Z	2002	22	Férfi	121122	95	kojex	FALSE	559	892650.628	-168238.62800000003
JPO85Z	2002	22	Férfi	121122	96	suter	FALSE	765	892650.628	-168238.62800000003
JPO85Z	2002	22	Férfi	121122	97	voglens	FALSE	561	892650.628	-168238.62800000003
JPO85Z	2002	22	Férfi	121122	98	dubex	FALSE	778	892650.628	-168238.62800000003
JPO85Z	2002	22	Férfi	121122	99	ubrem	FALSE	765	892650.628	-168238.62800000003
JPO85Z	2002	22	Férfi	121122	100	tokex	FALSE	775	892650.628	-168238.62800000003
B4NKWJ	2005	19	N	210438	3	saklek	TRUE	3853	892650.628	-168238.62800000003
B4NKWJ	2005	19	N	210438	4	kampesz	TRUE	2037	892650.628	-168238.62800000003
B4NKWJ	2005	19	N	210438	5	mojem	FALSE	1868	892650.628	-168238.62800000003
B4NKWJ	2005	19	N	210438	8	forrel	FALSE	3415	892650.628	-168238.62800000003
B4NKWJ	2005	19	N	210438	12	suter	TRUE	1553	892650.628	-168238.62800000003
B4NKWJ	2005	19	N	210438	13	kampesz	FALSE	2081	892650.628	-168238.62800000003
B4NKWJ	2005	19	N	210438	14	szláken	TRUE	2751	892650.628	-168238.62800000003
B4NKWJ	2005	19	N	210438	15	hacel	FALSE	3230	892650.628	-168238.62800000003
B4NKWJ	2005	19	N	210438	16	szkatyec	TRUE	3201	892650.628	-168238.62800000003
B4NKWJ	2005	19	N	210438	18	daken	FALSE	3087	892650.628	-168238.62800000003
B4NKWJ	2005	19	N	210438	19	hókens	TRUE	1803	892650.628	-168238.62800000003
B4NKWJ	2005	19	N	210438	21	saklek	FALSE	2265	892650.628	-168238.62800000003
B4NKWJ	2005	19	N	210438	22	próngem	TRUE	1393	892650.628	-168238.62800000003
B4NKWJ	2005	19	N	210438	23	kacsek	TRUE	1817	892650.628	-168238.62800000003
B4NKWJ	2005	19	N	210438	24	pratec	FALSE	1950	892650.628	-168238.62800000003
B4NKWJ	2005	19	N	210438	25	bojex	FALSE	1444	892650.628	-168238.62800000003
B4NKWJ	2005	19	N	210438	26	moplec	TRUE	1583	892650.628	-168238.62800000003
B4NKWJ	2005	19	N	210438	27	loftvens	TRUE	1280	892650.628	-168238.62800000003
B4NKWJ	2005	19	N	210438	28	kokker	TRUE	1691	892650.628	-168238.62800000003
B4NKWJ	2005	19	N	210438	29	ojett	FALSE	2884	892650.628	-168238.62800000003
B4NKWJ	2005	19	N	210438	30	szláken	FALSE	3044	892650.628	-168238.62800000003
B4NKWJ	2005	19	N	210438	31	kojex	FALSE	926	892650.628	-168238.62800000003
B4NKWJ	2005	19	N	210438	32	takkesz	TRUE	2557	892650.628	-168238.62800000003
B4NKWJ	2005	19	N	210438	33	vódett	FALSE	1585	892650.628	-168238.62800000003
B4NKWJ	2005	19	N	210438	34	tokex	FALSE	694	892650.628	-168238.62800000003
B4NKWJ	2005	19	N	210438	35	bálen	TRUE	1973	892650.628	-168238.62800000003
B4NKWJ	2005	19	N	210438	36	kumek	FALSE	2511	892650.628	-168238.62800000003
B4NKWJ	2005	19	N	210438	38	laben	TRUE	2308	892650.628	-168238.62800000003
B4NKWJ	2005	19	N	210438	39	stokler	TRUE	856	892650.628	-168238.62800000003
B4NKWJ	2005	19	N	210438	40	daken	FALSE	777	892650.628	-168238.62800000003
B4NKWJ	2005	19	N	210438	41	bondett	FALSE	1210	892650.628	-168238.62800000003
B4NKWJ	2005	19	N	210438	42	kokker	FALSE	869	892650.628	-168238.62800000003
B4NKWJ	2005	19	N	210438	43	loftvens	TRUE	1206	892650.628	-168238.62800000003
B4NKWJ	2005	19	N	210438	44	pofszett	FALSE	2828	892650.628	-168238.62800000003
B4NKWJ	2005	19	N	210438	45	bórcer	TRUE	2213	892650.628	-168238.62800000003
B4NKWJ	2005	19	N	210438	46	tosztem	FALSE	1519	892650.628	-168238.62800000003
B4NKWJ	2005	19	N	210438	47	sapec	TRUE	3515	892650.628	-168238.62800000003
B4NKWJ	2005	19	N	210438	48	flotek	TRUE	1032	892650.628	-168238.62800000003
B4NKWJ	2005	19	N	210438	49	voglens	FALSE	1433	892650.628	-168238.62800000003
B4NKWJ	2005	19	N	210438	50	bralek	TRUE	1829	892650.628	-168238.62800000003
B4NKWJ	2005	19	N	210438	51	kojex	FALSE	1825	892650.628	-168238.62800000003
B4NKWJ	2005	19	N	210438	53	ojett	FALSE	1096	892650.628	-168238.62800000003
B4NKWJ	2005	19	N	210438	54	ubrem	TRUE	1336	892650.628	-168238.62800000003
B4NKWJ	2005	19	N	210438	55	rojett	TRUE	2002	892650.628	-168238.62800000003
B4NKWJ	2005	19	N	210438	56	laben	TRUE	1970	892650.628	-168238.62800000003
B4NKWJ	2005	19	N	210438	57	takkesz	TRUE	1458	892650.628	-168238.62800000003
B4NKWJ	2005	19	N	210438	58	slotens	FALSE	621	892650.628	-168238.62800000003
B4NKWJ	2005	19	N	210438	59	pratec	FALSE	599	892650.628	-168238.62800000003
B4NKWJ	2005	19	N	210438	60	kamesz	TRUE	856	892650.628	-168238.62800000003
B4NKWJ	2005	19	N	210438	62	bórcer	FALSE	1592	892650.628	-168238.62800000003
B4NKWJ	2005	19	N	210438	63	tosztem	TRUE	2571	892650.628	-168238.62800000003
B4NKWJ	2005	19	N	210438	64	bachesz	TRUE	2853	892650.628	-168238.62800000003
B4NKWJ	2005	19	N	210438	65	hókens	TRUE	1419	892650.628	-168238.62800000003
B4NKWJ	2005	19	N	210438	66	dubex	TRUE	879	892650.628	-168238.62800000003
B4NKWJ	2005	19	N	210438	67	vódett	FALSE	1905	892650.628	-168238.62800000003
B4NKWJ	2005	19	N	210438	68	bralek	TRUE	1461	892650.628	-168238.62800000003
B4NKWJ	2005	19	N	210438	69	voglens	TRUE	2775	892650.628	-168238.62800000003
B4NKWJ	2005	19	N	210438	70	rojett	FALSE	1528	892650.628	-168238.62800000003
B4NKWJ	2005	19	N	210438	71	pódens	TRUE	3334	892650.628	-168238.62800000003
B4NKWJ	2005	19	N	210438	72	forrel	FALSE	1009	892650.628	-168238.62800000003
B4NKWJ	2005	19	N	210438	73	bálen	TRUE	1221	892650.628	-168238.62800000003
B4NKWJ	2005	19	N	210438	74	hodel	TRUE	1516	892650.628	-168238.62800000003
B4NKWJ	2005	19	N	210438	75	kranel	TRUE	1436	892650.628	-168238.62800000003
B4NKWJ	2005	19	N	210438	76	próngem	FALSE	367	892650.628	-168238.62800000003
B4NKWJ	2005	19	N	210438	77	baktec	TRUE	1014	892650.628	-168238.62800000003
B4NKWJ	2005	19	N	210438	78	hodel	TRUE	1017	892650.628	-168238.62800000003
B4NKWJ	2005	19	N	210438	79	pódens	TRUE	994	892650.628	-168238.62800000003
B4NKWJ	2005	19	N	210438	80	kumek	FALSE	448	892650.628	-168238.62800000003
B4NKWJ	2005	19	N	210438	81	pámen	TRUE	1078	892650.628	-168238.62800000003
B4NKWJ	2005	19	N	210438	82	sudel	FALSE	843	892650.628	-168238.62800000003
B4NKWJ	2005	19	N	210438	83	bachesz	TRUE	1874	892650.628	-168238.62800000003
B4NKWJ	2005	19	N	210438	84	sapec	TRUE	1107	892650.628	-168238.62800000003
B4NKWJ	2005	19	N	210438	85	kajler	TRUE	812	892650.628	-168238.62800000003
B4NKWJ	2005	19	N	210438	86	trumlex	TRUE	388	892650.628	-168238.62800000003
B4NKWJ	2005	19	N	210438	87	kamesz	FALSE	895	892650.628	-168238.62800000003
B4NKWJ	2005	19	N	210438	88	ubrem	FALSE	528	892650.628	-168238.62800000003
B4NKWJ	2005	19	N	210438	89	sudel	TRUE	562	892650.628	-168238.62800000003
B4NKWJ	2005	19	N	210438	90	bojex	FALSE	592	892650.628	-168238.62800000003
B4NKWJ	2005	19	N	210438	91	plosztem	TRUE	826	892650.628	-168238.62800000003
B4NKWJ	2005	19	N	210438	92	szkatyec	TRUE	1449	892650.628	-168238.62800000003
B4NKWJ	2005	19	N	210438	93	flotek	TRUE	844	892650.628	-168238.62800000003
B4NKWJ	2005	19	N	210438	94	pámen	FALSE	856	892650.628	-168238.62800000003
B4NKWJ	2005	19	N	210438	95	gortesz	TRUE	1007	892650.628	-168238.62800000003
B4NKWJ	2005	19	N	210438	96	mojem	FALSE	1249	892650.628	-168238.62800000003
B4NKWJ	2005	19	N	210438	97	bondett	TRUE	1182	892650.628	-168238.62800000003
B4NKWJ	2005	19	N	210438	98	slotens	TRUE	1114	892650.628	-168238.62800000003
B4NKWJ	2005	19	N	210438	99	suter	TRUE	1164	892650.628	-168238.62800000003
B4NKWJ	2005	19	N	210438	100	hacel	TRUE	1226	892650.628	-168238.62800000003
