stem	back	front	log_odds_back	stem_freq	stem_varies	sd_back	transcribed	p_back	n1	n2	borrowing_language2	borrowing_period2	stem_log10_freq	international2	category_educated	borrowing_language	borrowing_period	borrowing_label	borrowing_category	first_mention	borrowing_original	international	note	category_educated_other
azbeszt	30	3407	-4.732390035998812	3437	TRUE	5.453269086520222	azbest	0.00872854233343031	47	15	German (n = 47)	17th c (n = 15)	-0.41806297730209957	international word	FALSE	German	17th c	German; 17th c	German/Yiddish (colloquial)	1655	nemzetközi	TRUE	international word	colloquial
bagett	24	4529	-5.240202613208268	4553	TRUE	4.886050553012019	bagett	0.00527124972545574	27	23	French (n = 27)	20th c (n = 23)	-0.295944859131135		TRUE	French	20th c	French	French/Latin (educated)	1983	NA	NA	NA	educated
bagger	6	47	-2.0583881324820035	53	TRUE	2.306676118786756	bagger	0.11320754716981134	29	40	other (n = 29)	19th c (n = 40)	-2.229966639838536		NA	other	19th c		NA	1893	NA	NA	NA	other
bakter	366	268	0.3116463528905096	634	TRUE	12.438365397187171	bakter	0.5772870662460569	47	15	German (n = 47)	17th c (n = 15)	-1.152153251557592		FALSE	German	17th c	German; 17th c	German/Yiddish (colloquial)	1638	német (baj	FALSE	NA	colloquial
balek	5215	225	3.1431939652304526	5440	TRUE	14.686522182720095	balek	0.9586397058823528	29	26	other (n = 29)	18th c (n = 26)	-0.21864360974114497		NA	other	18th c		NA	1782	oszmán-török, esetleg bolgár jövevényszó	FALSE	NA	other
balett	2755	14133	-1.635095045781136	16888	TRUE	48.016319836385144	balett	0.16313358597820937	27	26	French (n = 27)	18th c (n = 26)	0.2733357108602751	international word	TRUE	French	18th c	French	French/Latin (educated)	1791	nemzetközi	TRUE	international word	educated
bankett	107	5232	-3.889720058675128	5339	TRUE	10.23990190063518	bankett	0.02004120621839296	27	15	French (n = 27)	17th c (n = 15)	-0.22678258858141603	international word	TRUE	French	17th c	French	French/Latin (educated)	1649	nemzetközi	TRUE	international word	educated
barrel	2	81	-3.7013019741124937	83	TRUE	1.3970709462713993	barrel	0.02409638554216866	33	50	English (n = 33)	unknown (n = 50)	-2.035164417063251		NA	English	unknown		NA	NA	NA	NA	NA	other
barter	45	564	-2.528391761727739	609	TRUE	6.455608170210661	barter	0.07389162561576355	27	23	French (n = 27)	20th c (n = 23)	-1.1696252168064496		TRUE	French	20th c	French	French/Latin (educated)	1988	NA	NA	NA	educated
bojler	312	915	-1.075920877466039	1227	TRUE	15.253361487712032	bojler	0.254278728606357	29	23	other (n = 29)	20th c (n = 23)	-0.8653979467123206		NA	other	20th c		NA	1914	NA	NA	NA	other
bovden	13	531	-3.709812663780402	544	TRUE	3.5622097404973387	bovden	0.02389705882352941	33	23	English (n = 33)	20th c (n = 23)	-1.218643609741145		NA	English	20th c	English; 20th c	NA	1990	NA	NA	NA	other
brojler	1	255	-5.541263545158426	256	TRUE	0.998044963916957	brojler	0.00390625	33	23	English (n = 33)	20th c (n = 23)	-1.5460025441274754		NA	English	20th c	English; 20th c	NA	1994	NA	NA	NA	other
bróker	28	8545	-5.720897085374487	8573	TRUE	5.282854351498676	bróker	0.00326606788755394	33	23	English (n = 33)	20th c (n = 23)	-0.021109685712590576		NA	English	20th c	English; 20th c	NA	1991	NA	NA	NA	other
bukfenc	3	3841	-7.154875739677795	3844	TRUE	1.7313747973404732	bukfenc	7.804370447450573e-4	29	6	other (n = 29)	16th c (n = 6)	-0.36945913044281714		NA	other	16th c		NA	1574	belső keletkezésű, de kialakulásmódja bizonytalan	FALSE	NA	other
bunker	1217	8567	-1.9515287989765169	9784	TRUE	32.643855785175	bunker	0.12438675388389206	47	23	German (n = 47)	20th c (n = 23)	0.03627393458890418		FALSE	German	20th c	German; 20th c	German/Yiddish (colloquial)	1906	német	FALSE	NA	colloquial
burleszk	3	1191	-5.983936280687191	1194	TRUE	1.729873495824995	burlesk	0.00251256281407035	33	26	English (n = 33)	18th c (n = 26)	-0.8772381826459746	international word	NA	English	18th c	English; 18th c	NA	1788	nemzetközi	TRUE	international word	other
charter	3	1950	-6.476972362889683	1953	TRUE	1.7307199961487487	harter	0.00153609831029185	33	23	English (n = 33)	20th c (n = 23)	-0.6635402661514705		NA	English	20th c	English; 20th c	NA	1994	NA	NA	NA	other
codec	1	353	-5.8664680569332965	354	TRUE	0.9985865717317342	kodek	0.00282485875706214	33	23	English (n = 33)	20th c (n = 23)	-1.4052392474135371		NA	English	20th c	English; 20th c	NA	2000	NA	NA	NA	other
docens	6	29878	-8.513118233374207	29884	TRUE	2.449243830652437	docenš	2.0077633516262888e-4	47	40	German (n = 47)	19th c (n = 40)	0.5211962182977786		FALSE	German	19th c	German; 19th c	German/Yiddish (colloquial)	1846	német	FALSE	NA	colloquial
dodzsem	3	653	-5.382964840608321	656	TRUE	1.728085787165926	dodžem	0.00457317073170731	33	23	English (n = 33)	20th c (n = 23)	-1.1373386700636645		NA	English	20th c	English; 20th c	NA	1964	NA	NA	NA	other
doppler	6	348	-4.060443010546419	354	TRUE	2.428642642453962	doppler	0.01694915254237288	47	40	German (n = 47)	19th c (n = 40)	-1.4052392474135371		FALSE	German	19th c	German; 19th c	German/Yiddish (colloquial)	1900	NA	NA	NA	colloquial
drukker	27	18506	-6.530013416804646	18533	TRUE	5.192366007915616	drukker	0.0014568607349053	47	40	German (n = 47)	19th c (n = 40)	0.31370321630099324		FALSE	German	19th c	German; 19th c	German/Yiddish (colloquial)	1872	a szócsalád drukkol és drukk tagja német jövevényszó	FALSE	NA	colloquial
duett	20	11632	-6.3657829262193095	11652	TRUE	4.468296222210412	duett	0.00171644352900789	29	26	other (n = 29)	18th c (n = 26)	0.1121579665163048		NA	other	18th c		NA	1799	NA	NA	NA	other
dzsungel	505	19590	-3.658216081663227	20095	TRUE	22.18803804074476	džungel	0.0251306295098283	33	40	English (n = 33)	19th c (n = 40)	0.3488455010887288	international word	NA	English	19th c	English; 19th c	NA	1872	nemzetközi	TRUE	international word	other
dózer	130	788	-1.8019636394022969	918	TRUE	10.563636397725697	dózer	0.14161220043572983	33	23	English (n = 33)	20th c (n = 23)	-0.9913998282380825		NA	English	20th c	English; 20th c	NA	1962	NA	NA	NA	other
falzett	31	212	-1.9225990701868665	243	TRUE	5.20050646473129	falzett	0.12757201646090532	29	40	other (n = 29)	19th c (n = 40)	-1.5686362358410126		NA	other	19th c		NA	1834	NA	NA	NA	other
farmer	7287	20249	-1.0220134709289872	27536	TRUE	73.20247222109023	farmer	0.2646353864032539	33	26	English (n = 33)	18th c (n = 26)	0.48565834354416015		NA	English	18th c	English; 18th c	NA	1793	NA	NA	NA	other
fater	5385	190	3.344348517430003	5575	TRUE	13.54712750649119	fater	0.9659192825112108	47	15	German (n = 47)	17th c (n = 15)	-0.20799763771912658		FALSE	German	17th c	German; 17th c	German/Yiddish (colloquial)	1628	német	FALSE	NA	colloquial
flanel	73	159	-0.7784447610718404	232	TRUE	7.07320100193633	flanel	0.3146551724137931	47	15	German (n = 47)	17th c (n = 15)	-1.5887545245484251		FALSE	German	17th c	German; 17th c	German/Yiddish (colloquial)	1697	német	FALSE	NA	colloquial
flaszter	194	922	-1.5586870644932656	1116	TRUE	12.660015231550174	flaster	0.1738351254480287	47	26	German (n = 47)	18th c (n = 26)	-0.906578314837765		FALSE	German	18th c	German; 18th c	German/Yiddish (colloquial)	1795	német	FALSE	NA	colloquial
flóbert	5	50	-2.3025850929940455	55	TRUE	2.1320071635561044	flóbert	0.09090909090909093	27	40	French (n = 27)	19th c (n = 40)	-2.213879819945081		TRUE	French	19th c	French	French/Latin (educated)	1900	NA	NA	NA	educated
fotel	11597	25177	-0.7751844353673116	36774	TRUE	89.10547356389542	fotel	0.3153586773263719	27	40	French (n = 27)	19th c (n = 40)	0.6112983622964289	international word	TRUE	French	19th c	French	French/Latin (educated)	1848	nemzetközi	TRUE	international word	educated
fráter	34	997	-3.378390245345677	1031	TRUE	5.73400021685611	fráter	0.03297769156159069	15	2	Latin (n = 15)	before 16th c (n = 2)	-0.9409838441558084		TRUE	Latin	before 16th c	Latin	French/Latin (educated)	1372	latin	FALSE	NA	educated
fuser	5	19	-1.3350010667323402	24	TRUE	1.9895560643855537	fušer	0.20833333333333331	47	6	German (n = 47)	16th c (n = 6)	-2.574031267727719		FALSE	German	16th c	German; 16th c	German/Yiddish (colloquial)	1564	német (k	FALSE	NA	colloquial
gatyesz	22	9	0.8938178760220965	31	TRUE	2.527270617522696	gaṯes	0.7096774193548386	29	50	other (n = 29)	unknown (n = 50)	-2.462880815605052		NA	other	unknown		NA	NA	NA	NA	NA	other
gukker	18	52	-1.0608719606852628	70	TRUE	3.656696401320264	gukker	0.2571428571428571	47	40	German (n = 47)	19th c (n = 40)	-2.109144469425068		FALSE	German	19th c	German; 19th c	German/Yiddish (colloquial)	1900	NA	NA	NA	colloquial
gólem	1	1736	-7.459338895220296	1737	TRUE	0.999712105939046	gólem	5.757052389176739e-4	11	50	Yiddish (n = 11)	unknown (n = 50)	-0.7144426909922262		FALSE	Yiddish	unknown	Yiddish	German/Yiddish (colloquial)	NA	NA	NA	NA	colloquial
hardver	116	33523	-5.6663968582915585	33639	TRUE	10.751743491594286	hardver	0.00344837837034394	33	23	English (n = 33)	20th c (n = 23)	0.5726005674327725		NA	English	20th c	English; 20th c	NA	1990	NA	NA	NA	other
haver	71848	634	4.7302591009135595	72482	TRUE	25.06899284918201	haver	0.9912530007450124	11	40	Yiddish (n = 11)	19th c (n = 40)	0.9059876589074144		FALSE	Yiddish	19th c	Yiddish	German/Yiddish (colloquial)	1862	jiddis	FALSE	NA	colloquial
hotel	7618	139392	-2.9067762398140284	147010	TRUE	84.98963616759963	hotel	0.05181960410856404	33	50	English (n = 33)	unknown (n = 50)	1.2131043681463105		NA	English	unknown		NA	NA	NA	NA	NA	other
jampec	183	281	-0.4288685164923248	464	TRUE	10.527365816503329	jampec	0.3943965517241379	11	23	Yiddish (n = 11)	20th c (n = 23)	-1.287724528884444		FALSE	Yiddish	20th c	Yiddish	German/Yiddish (colloquial)	1921	jiddis	FALSE	NA	colloquial
junker	25	218	-2.1656192379208883	243	TRUE	4.7358192046460825	junker	0.10288065843621398	47	50	German (n = 47)	unknown (n = 50)	-1.5686362358410126		FALSE	German	unknown		German/Yiddish (colloquial)	NA	NA	NA	NA	colloquial
kadet	158	416	-0.9680902272342964	574	TRUE	10.700874300794013	kadet	0.27526132404181186	47	26	German (n = 47)	18th c (n = 26)	-1.1953306170413514		FALSE	German	18th c	German; 18th c	German/Yiddish (colloquial)	1732	NA	NA	NA	colloquial
kampec	41	30	0.31237468504215243	71	TRUE	4.162204183118823	kampec	0.5774647887323944	47	40	German (n = 47)	19th c (n = 40)	-2.1029841607202497		FALSE	German	19th c	German; 19th c	German/Yiddish (colloquial)	1848	bizonytalan eredetű, esetleg német jövevényszó	FALSE	NA	colloquial
karcer	36	93	-0.949080554697146	129	TRUE	5.094456631682423	karcer	0.27906976744186046	15	15	Latin (n = 15)	17th c (n = 15)	-1.843652799140076		TRUE	Latin	17th c	Latin	French/Latin (educated)	1647	latin	FALSE	NA	educated
kartell	141	5169	-3.601674634817871	5310	TRUE	11.715627691395362	kartell	0.02655367231638417	47	40	German (n = 47)	19th c (n = 40)	-0.22914798835785583		FALSE	German	19th c	German; 19th c	German/Yiddish (colloquial)	1807	német	FALSE	NA	colloquial
karter	113	232	-0.7193495529539694	345	TRUE	8.717132888576463	karter	0.32753623188405795	29	50	other (n = 29)	unknown (n = 50)	-1.4164234143660508		NA	other	unknown		NA	NA	NA	NA	NA	other
klapec	18	9	0.6931471805599453	27	TRUE	2.4494897427831783	klapec	0.6666666666666666	29	26	other (n = 29)	18th c (n = 26)	-2.5228787452803374		NA	other	18th c		NA	1774	szlovák	FALSE	NA	other
klaszter	77	20087	-5.564022696780865	20164	TRUE	8.758193941608374	klaster	0.00381868676849831	33	50	English (n = 33)	unknown (n = 50)	0.35033417932678806		NA	English	unknown		NA	NA	NA	NA	NA	other
klozet	388	185	0.7406495145449485	573	TRUE	11.192430750654768	klozet	0.6771378708551483	33	50	English (n = 33)	unknown (n = 50)	-1.196087887471935		NA	English	unknown		NA	NA	NA	NA	NA	other
koffer	668	2175	-1.180495769986139	2843	TRUE	22.60629715636893	koffer	0.23496306718255364	47	26	German (n = 47)	18th c (n = 26)	-0.5004656497488827		FALSE	German	18th c	German; 18th c	German/Yiddish (colloquial)	1757	német	FALSE	NA	colloquial
kolesz	2920	320	2.211017899468555	3240	TRUE	16.982198377371375	koles	0.9012345679012346	29	50	other (n = 29)	unknown (n = 50)	-0.44369749923271273		NA	other	unknown		NA	NA	NA	NA	NA	other
koncert	69	510521	-8.909080547284567	510590	TRUE	8.306062574593154	koncert	1.3513778178186032e-4	27	26	French (n = 27)	18th c (n = 26)	1.7538297953740938	international word	TRUE	French	18th c	French	French/Latin (educated)	1753	nemzetközi	TRUE	international word	educated
konszern	3	6888	-7.738923757439457	6891	TRUE	1.7316737419700765	konsern	4.3535045711798017e-4	33	50	English (n = 33)	unknown (n = 50)	-0.11596025952463633		NA	English	unknown		NA	NA	NA	NA	NA	other
konzerv	70	16657	-5.472090585427749	16727	TRUE	8.349075424333094	konzerv	0.00418485083995934	33	40	English (n = 33)	19th c (n = 40)	0.2691755474659694		NA	English	19th c	English; 19th c	NA	1872	a szócsalád időrendben legkorábbi tagja, a konzervál latin jövevényszó	FALSE	NA	other
kopek	22	144	-1.8787708462176849	166	TRUE	4.368562389321868	kopek	0.1325301204819277	29	26	other (n = 29)	18th c (n = 26)	-1.7341344213992698		NA	other	18th c		NA	1757	vándorszó	FALSE	NA	other
korner	48	620	-2.5585184671312464	668	TRUE	6.674645923462369	korner	0.0718562874251497	33	50	English (n = 33)	unknown (n = 50)	-1.1294660469637792		NA	English	unknown		NA	NA	NA	NA	NA	other
kornett	8	71	-2.1832383353614793	79	TRUE	2.681393931842451	kornett	0.10126582278481014	27	50	French (n = 27)	unknown (n = 50)	-2.0566154181488834		TRUE	French	unknown	French	French/Latin (educated)	NA	NA	NA	NA	educated
korvett	4	622	-5.0466457316192885	626	TRUE	1.9935999835896592	korvett	0.00638977635782747	27	40	French (n = 27)	19th c (n = 40)	-1.1576681762288952	international word	TRUE	French	19th c	French	French/Latin (educated)	1806	nemzetközi	TRUE	international word	educated
krapek	436	39	2.414080597219388	475	TRUE	5.9831341901082356	krapek	0.9178947368421052	29	40	other (n = 29)	19th c (n = 40)	-1.2775488998144584		NA	other	19th c		NA	1862	szlovák	FALSE	NA	other
krokett	47	1584	-3.5175609706643125	1631	TRUE	6.756153949281257	krokett	0.02881667688534641	27	50	French (n = 27)	unknown (n = 50)	-0.7417885483990491		TRUE	French	unknown	French	French/Latin (educated)	NA	NA	NA	NA	educated
kráter	87	9093	-4.649352047071329	9180	TRUE	9.283075470773596	kráter	0.00947712418300653	15	15	Latin (n = 15)	17th c (n = 15)	0.00860017176191757		TRUE	Latin	17th c	Latin	French/Latin (educated)	1636	latin	FALSE	NA	educated
kukker	53	236	-1.493539891473488	289	TRUE	6.578774720007442	kukker	0.18339100346020765	47	40	German (n = 47)	19th c (n = 40)	-1.493344666682777		FALSE	German	19th c	German; 19th c	German/Yiddish (colloquial)	1803	német	FALSE	NA	colloquial
kupec	72	662	-2.218599436920953	734	TRUE	8.058370164014091	kupec	0.09809264305177112	29	15	other (n = 29)	17th c (n = 15)	-1.0885464495232544		NA	other	17th c		NA	1632	szlovák	FALSE	NA	other
kábel	658	94028	-4.962142957912092	94686	TRUE	25.562225459975014	kábel	0.00694928500517499	47	40	German (n = 47)	19th c (n = 40)	1.0220432607759946	international word	FALSE	German	19th c	German; 19th c	German/Yiddish (colloquial)	1867	nemzetközi	TRUE	international word	colloquial
káder	52	3884	-4.313377110829788	3936	TRUE	7.163309858583621	káder	0.01321138211382114	47	40	German (n = 47)	19th c (n = 40)	-0.35918741968002094		FALSE	German	19th c	German; 19th c	German/Yiddish (colloquial)	1885	német	FALSE	NA	colloquial
kódex	19	48210	-7.838882768233227	48229	TRUE	4.358040256461757	kódekš	3.939538451968734e-4	15	6	Latin (n = 15)	16th c (n = 6)	0.7290657477348014		TRUE	Latin	16th c	Latin	French/Latin (educated)	1559	latin	FALSE	NA	educated
kókler	29	2218	-4.337065337923838	2247	TRUE	5.350301223900468	kókler	0.01290609701824655	47	15	German (n = 47)	17th c (n = 15)	-0.602639437020196		FALSE	German	17th c	German; 17th c	German/Yiddish (colloquial)	1629	német	FALSE	NA	colloquial
kóter	222	254	-0.13465688514625712	476	TRUE	10.884033483683776	kóter	0.4663865546218487	47	26	German (n = 47)	18th c (n = 26)	-1.2766355567188317		FALSE	German	18th c	German; 18th c	German/Yiddish (colloquial)	1720	német (baj	FALSE	NA	colloquial
lasztex	1	19	-2.9444389791664407	20	TRUE	0.9746794344808964	lastekš	0.04999999999999999	29	50	other (n = 29)	unknown (n = 50)	-2.6532125137753435		NA	other	unknown		NA	NA	NA	NA	NA	other
latex	125	2639	-3.049841599201023	2764	TRUE	10.924603467686776	latekš	0.04522431259044863	15	50	Latin (n = 15)	unknown (n = 50)	-0.5127044707371641		TRUE	Latin	unknown	Latin	French/Latin (educated)	NA	NA	NA	NA	educated
luesz	1	22	-3.0910424533583156	23	TRUE	0.9780192938436516	lues	0.04347826086956522	29	50	other (n = 29)	unknown (n = 50)	-2.592514673421732		NA	other	unknown		NA	NA	NA	NA	NA	other
lumen	2	1760	-6.779921907472252	1762	TRUE	1.4134107161191358	lumen	0.00113507377979568	27	50	French (n = 27)	unknown (n = 50)	-0.7082366053632958		TRUE	French	unknown	French	French/Latin (educated)	NA	NA	NA	NA	educated
lumpen	1	414	-6.025865973825314	415	TRUE	0.9987944540523755	lumpen	0.00240963855421686	47	50	German (n = 47)	unknown (n = 50)	-1.3361944127272323		FALSE	German	unknown		German/Yiddish (colloquial)	NA	NA	NA	NA	colloquial
láger	552	6769	-2.506560598231512	7321	TRUE	22.591579324129174	láger	0.07539953558257072	47	26	German (n = 47)	18th c (n = 26)	-0.08967210258589463		FALSE	German	18th c	German; 18th c	German/Yiddish (colloquial)	1759	német	FALSE	NA	colloquial
lóden	8	51	-1.8523840910444895	59	TRUE	2.629687098741623	lóden	0.13559322033898308	47	26	German (n = 47)	18th c (n = 26)	-2.1833904977971805		FALSE	German	18th c	German; 18th c	German/Yiddish (colloquial)	1788	német	FALSE	NA	colloquial
macesz	117	88	0.28483712031954966	205	TRUE	7.086916836248499	maces	0.5707317073170731	11	40	Yiddish (n = 11)	19th c (n = 40)	-1.6424886483835706		FALSE	Yiddish	19th c	Yiddish	German/Yiddish (colloquial)	1862	jiddis	FALSE	NA	colloquial
macher	14	40	-1.0498221244986778	54	TRUE	3.220305943597653	maher	0.25925925925925924	47	40	German (n = 47)	19th c (n = 40)	-2.221848749616356		FALSE	German	19th c	German; 19th c	German/Yiddish (colloquial)	1878	német	FALSE	NA	colloquial
majszter	2	21	-2.3513752571634776	23	TRUE	1.3513278493843526	majster	0.08695652173913043	47	15	German (n = 47)	17th c (n = 15)	-2.592514673421732		FALSE	German	17th c	German; 17th c	German/Yiddish (colloquial)	1611	német	FALSE	NA	colloquial
makett	345	17752	-3.94070904758107	18097	TRUE	18.396275248789667	makett	0.01906393324860474	33	23	English (n = 33)	20th c (n = 23)	0.30336407695298623	international word	NA	English	20th c	English; 20th c	NA	1902	nemzetközi	TRUE	international word	other
malter	667	222	1.1001126640433443	889	TRUE	12.905906775437668	malter	0.750281214848144	29	50	other (n = 29)	unknown (n = 50)	-1.0053407484691113		NA	other	unknown		NA	NA	NA	NA	NA	other
maszek	2084	80	3.260017768199376	2164	TRUE	8.777386505288252	masek	0.9630314232902034	29	23	other (n = 29)	20th c (n = 23)	-0.6189852530047931		NA	other	20th c		NA	1951	szórövidítéssel keletkezett szóösszevonás eredménye	FALSE	NA	other
matek	18299	276	4.194200826810537	18575	TRUE	16.489360328335525	matek	0.9851413189771197	29	50	other (n = 29)	unknown (n = 50)	0.3146863129932881		NA	other	unknown		NA	NA	NA	NA	NA	other
mater	193	2954	-2.7282252741864395	3147	TRUE	13.459704599977396	mater	0.0613282491261519	15	50	Latin (n = 15)	unknown (n = 50)	-0.45634576652610453		TRUE	Latin	unknown	Latin	French/Latin (educated)	NA	NA	NA	NA	educated
modell	231	523157	-7.725219178681491	523388	TRUE	15.195329774493368	modell	4.4135517054269487e-4	47	26	German (n = 47)	18th c (n = 26)	1.764581251674002	international word	FALSE	German	18th c	German; 18th c	German/Yiddish (colloquial)	1789	nemzetközi	TRUE	international word	colloquial
modem	89	21524	-5.4882875008771705	21613	TRUE	9.414537036475023	modem	0.00411789200943876	33	23	English (n = 33)	20th c (n = 23)	0.3804725440250331		NA	English	20th c	English; 20th c	NA	1990	NA	NA	NA	other
modern	22	323	-2.686609869864341	345	TRUE	4.5384029624169955	modern	0.06376811594202898	27	26	French (n = 27)	18th c (n = 26)	-1.4164234143660508		TRUE	French	18th c	French	French/Latin (educated)	1799	NA	NA	NA	educated
moped	18	3353	-5.227238988570064	3371	TRUE	4.231298392599425	moped	0.00533966182141797	27	50	French (n = 27)	unknown (n = 50)	-0.426483756918353		TRUE	French	unknown	French	French/Latin (educated)	NA	NA	NA	NA	educated
motel	617	3365	-1.6963142181734403	3982	TRUE	22.834131008758867	motel	0.15494726268206932	33	23	English (n = 33)	20th c (n = 23)	-0.35414125374793415	international word	NA	English	20th c	English; 20th c	NA	1958	nemzetközi	TRUE	international word	other
muter	745	102	1.9884114050952884	847	TRUE	9.471887192601812	muter	0.8795749704840614	47	40	German (n = 47)	19th c (n = 40)	-1.026359099108618		FALSE	German	19th c	German; 19th c	German/Yiddish (colloquial)	1840	német	FALSE	NA	colloquial
mutter	222	107	0.7298485474103733	329	TRUE	8.497094085788126	mutter	0.6747720364741642	47	40	German (n = 47)	19th c (n = 40)	-1.4370466114893505		FALSE	German	19th c	German; 19th c	German/Yiddish (colloquial)	1840	NA	NA	NA	colloquial
mágnes	10	15983	-7.376695843374607	15993	TRUE	3.1612888612760757	mágneš	6.252735571812671e-4	15	6	Latin (n = 15)	16th c (n = 6)	0.2496874278053015		TRUE	Latin	16th c	Latin	French/Latin (educated)	1577	latin	FALSE	NA	educated
nonszensz	2	1980	-6.897704943128636	1982	TRUE	1.413499853742037	nonsens	0.00100908173562058	27	50	French (n = 27)	unknown (n = 50)	-0.6571388592900683		TRUE	French	unknown	French	French/Latin (educated)	NA	NA	NA	NA	educated
notesz	628	3797	-1.7994263937636037	4425	TRUE	23.213652713788587	notes	0.14192090395480225	33	40	English (n = 33)	19th c (n = 40)	-0.30832923440548066	international word	NA	English	19th c	English; 19th c	NA	1873	nemzetközi	TRUE	international word	other
okker	41	440	-2.373202660207999	481	TRUE	6.124148716776684	okker	0.08523908523908524	47	15	German (n = 47)	17th c (n = 15)	-1.272097433065493		FALSE	German	17th c	German; 17th c	German/Yiddish (colloquial)	1682	német	FALSE	NA	colloquial
omlett	9	3760	-6.0349496590477205	3769	TRUE	2.9964160072158346	omlett	0.00238790130007959	27	40	French (n = 27)	19th c (n = 40)	-0.3780163719897199		TRUE	French	19th c	French	French/Latin (educated)	1848	francia	FALSE	NA	educated
pajesz	271	14	2.963061491264442	285	TRUE	3.648599827571448	pajes	0.9508771929824562	11	40	Yiddish (n = 11)	19th c (n = 40)	-1.4993976494308145		FALSE	Yiddish	19th c	Yiddish	German/Yiddish (colloquial)	1875	jiddis	FALSE	NA	colloquial
pakett	61	889	-2.6792233713405933	950	TRUE	7.555339694198854	pakett	0.06421052631578947	27	50	French (n = 27)	unknown (n = 50)	-0.9765189041504772		TRUE	French	unknown	French	French/Latin (educated)	NA	NA	NA	NA	educated
pamflet	10	1647	-5.104125637183595	1657	TRUE	3.152721042183242	pamflet	0.0060350030175015	47	26	German (n = 47)	18th c (n = 26)	-0.7349200010199881	international word	FALSE	German	18th c	German; 18th c	German/Yiddish (colloquial)	1796	nemzetközi	TRUE	international word	colloquial
panel	13651	66278	-1.580045238067159	79929	TRUE	106.39341301518884	panel	0.1707890753043326	47	23	German (n = 47)	20th c (n = 23)	0.9484618700612836	international word	FALSE	German	20th c	German; 20th c	German/Yiddish (colloquial)	1953	nemzetközi	TRUE	international word	colloquial
parkett	355	9332	-3.269086843665905	9687	TRUE	18.492979648324823	parkett	0.03664705275110973	47	40	German (n = 47)	19th c (n = 40)	0.031946790297499215		FALSE	German	19th c	German; 19th c	German/Yiddish (colloquial)	1817	német	FALSE	NA	colloquial
parszek	9	177	-2.9789251552376097	186	TRUE	2.9265194564588595	parsek	0.04838709677419355	33	23	English (n = 33)	20th c (n = 23)	-1.6847295652214085		NA	English	20th c	English; 20th c	NA	1990	NA	NA	NA	other
partner	471	655199	-7.237836191251888	655670	TRUE	21.69473801503814	partner	7.183491695517563e-4	33	40	English (n = 33)	19th c (n = 40)	1.8624428036575429	international word	NA	English	19th c	English; 19th c	NA	1839	nemzetközi	TRUE	international word	other
pasztell	84	2083	-3.210747642417658	2167	TRUE	8.985760154603966	pastell	0.03876326718966313	29	26	other (n = 29)	18th c (n = 26)	-0.6183835981195069		NA	other	18th c		NA	1788	olasz (é	FALSE	NA	other
plakett	83	6871	-4.416224327234478	6954	TRUE	9.055901232806024	plakett	0.01193557664653436	27	40	French (n = 27)	19th c (n = 40)	-0.11200782309208528		TRUE	French	19th c	French	French/Latin (educated)	1897	francia	FALSE	NA	educated
pollen	7	10478	-7.311122950912852	10485	TRUE	2.6448679848206482	pollen	6.676204101096804e-4	15	26	Latin (n = 15)	18th c (n = 26)	0.0663259253620378		TRUE	Latin	18th c	Latin	French/Latin (educated)	1800	NA	NA	NA	educated
poszter	40	15402	-5.953373195985259	15442	TRUE	6.316358640738779	poster	0.0025903380391141	33	50	English (n = 33)	unknown (n = 50)	0.23446103867910376		NA	English	unknown		NA	NA	NA	NA	NA	other
prakker	32	40	-0.2231435513142097	72	TRUE	4.216370213557839	prakker	0.4444444444444444	29	50	other (n = 29)	unknown (n = 50)	-2.0969100130080562		NA	other	unknown		NA	NA	NA	NA	NA	other
projekt	193	704053	-8.201918727492497	704246	TRUE	13.890540233223266	projekt	2.7405196479639234e-4	33	50	English (n = 33)	unknown (n = 50)	1.8934818795051584		NA	English	unknown		NA	NA	NA	NA	NA	other
puffer	272	4314	-2.763818760653104	4586	TRUE	15.995856419413522	puffer	0.05931094635848234	33	50	English (n = 33)	unknown (n = 50)	-0.2928084590454048		NA	English	unknown		NA	NA	NA	NA	NA	other
pátens	2	616	-5.730099782973574	618	TRUE	1.4119233364778043	pátenš	0.00323624595469255	15	15	Latin (n = 15)	17th c (n = 15)	-1.1632540343505091		TRUE	Latin	17th c	Latin	French/Latin (educated)	1614	latin	FALSE	NA	educated
páter	32	923	-3.3618933317031257	955	TRUE	5.561272218755298	páter	0.03350785340314136	15	6	Latin (n = 15)	16th c (n = 6)	-0.9742391378555785		TRUE	Latin	16th c	Latin	French/Latin (educated)	1585	latin	FALSE	NA	educated
póker	78	4730	-4.104971654796387	4808	TRUE	8.7598292783036	póker	0.01622296173044925	47	40	German (n = 47)	19th c (n = 40)	-0.2722780504446417	international word	FALSE	German	19th c	German; 19th c	German/Yiddish (colloquial)	1873	nemzetközi	TRUE	international word	colloquial
púder	140	4318	-3.4289051884654485	4458	TRUE	11.644887702366123	púder	0.03140421713772992	47	26	German (n = 47)	18th c (n = 26)	-0.30510244529510594		FALSE	German	18th c	German; 18th c	German/Yiddish (colloquial)	1713	német	FALSE	NA	colloquial
raszter	47	1230	-3.2646218466564045	1277	TRUE	6.72831066820824	raster	0.03680501174628035	33	23	English (n = 33)	20th c (n = 23)	-0.8480516121759095		NA	English	20th c	English; 20th c	NA	1950	NA	NA	NA	other
rocker	12	6309	-6.264825814582809	6321	TRUE	3.4608118692720846	rokker	0.00189843379212149	33	23	English (n = 33)	20th c (n = 23)	-0.15345671911156222		NA	English	20th c	English; 20th c	NA	1950	NA	NA	NA	other
roller	372	5646	-2.719808754540288	6018	TRUE	18.681675113459857	roller	0.06181455633100698	47	23	German (n = 47)	20th c (n = 23)	-0.17479032603526315		FALSE	German	20th c	German; 20th c	German/Yiddish (colloquial)	1932	német	FALSE	NA	colloquial
rubel	119	3917	-3.493957840554302	4036	TRUE	10.746689166788618	rubel	0.0294846382556987	29	26	other (n = 29)	18th c (n = 26)	-0.348291351874452		NA	other	18th c		NA	1725	vándorszó	FALSE	NA	other
rulett	40	3046	-4.332705079341171	3086	TRUE	6.283432938132655	rulett	0.01296176279974076	27	40	French (n = 27)	19th c (n = 40)	-0.4648465877121954	international word	TRUE	French	19th c	French	French/Latin (educated)	1818	nemzetközi	TRUE	international word	educated
sakter	46	226	-1.591893602783191	272	TRUE	6.182280180911741	šakter	0.1691176470588235	11	26	Yiddish (n = 11)	18th c (n = 26)	-1.519673605405126		FALSE	Yiddish	18th c	Yiddish	German/Yiddish (colloquial)	1782	jiddis	FALSE	NA	colloquial
saller	96	3971	-3.722425039663415	4067	TRUE	9.681629833509216	šaller	0.02360462257192033	47	50	German (n = 47)	unknown (n = 50)	-0.3449683370347373		FALSE	German	unknown		German/Yiddish (colloquial)	NA	NA	NA	NA	colloquial
samesz	484	188	0.9456429438866824	672	TRUE	11.636355181273984	šames	0.7202380952380952	11	40	Yiddish (n = 11)	19th c (n = 40)	-1.1268732363854996		FALSE	Yiddish	19th c	Yiddish	German/Yiddish (colloquial)	1864	jiddis	FALSE	NA	colloquial
skanzen	829	9519	-2.44082492511601	10348	TRUE	27.614979086814653	škanzen	0.08011209895632007	29	50	other (n = 29)	unknown (n = 50)	0.06061391060518094		NA	other	unknown		NA	NA	NA	NA	NA	other
sláger	34	52571	-7.343559391272451	52605	TRUE	5.829067241212422	šláger	6.46326394829389e-4	47	40	German (n = 47)	19th c (n = 40)	0.7667845154978589		FALSE	German	19th c	German; 19th c	German/Yiddish (colloquial)	1854	német (au	FALSE	NA	colloquial
sparherd	11	139	-2.5365786603323213	150	TRUE	3.1927000067863145	šparherd	0.07333333333333333	47	50	German (n = 47)	unknown (n = 50)	-1.7781512503836436		FALSE	German	unknown		German/Yiddish (colloquial)	NA	NA	NA	NA	colloquial
srapnel	10	320	-3.4657359027997265	330	TRUE	3.113995776646092	šrapnel	0.0303030303030303	47	40	German (n = 47)	19th c (n = 40)	-1.4357285695614375	international word	FALSE	German	19th c	German; 19th c	German/Yiddish (colloquial)	1848	nemzetközi	TRUE	international word	colloquial
stukker	113	510	-1.507022907006031	623	TRUE	9.617900646247678	štukker	0.1813804173354735	47	50	German (n = 47)	unknown (n = 50)	-1.1597544627801553		FALSE	German	unknown		German/Yiddish (colloquial)	NA	NA	NA	NA	colloquial
subler	10	64	-1.8562979903656265	74	TRUE	2.940858488375231	šubler	0.1351351351351351	29	50	other (n = 29)	unknown (n = 50)	-2.0850107897083485		NA	other	unknown		NA	NA	NA	NA	NA	other
sumer	985	684	0.3646837235495385	1669	TRUE	20.091760739431106	šumer	0.5901737567405633	29	50	other (n = 29)	unknown (n = 50)	-0.7317861727600782		NA	other	unknown		NA	NA	NA	NA	NA	other
suszter	178	747	-1.434281634840732	925	TRUE	11.989454826097266	šuster	0.1924324324324325	47	15	German (n = 47)	17th c (n = 15)	-0.9881007767002923		FALSE	German	17th c	German; 17th c	German/Yiddish (colloquial)	1608	német (baj	FALSE	NA	colloquial
szkander	139	375	-0.9924520928397192	514	TRUE	10.0702783395781	skander	0.2704280155642023	29	50	other (n = 29)	unknown (n = 50)	-1.2432793904440491		NA	other	unknown		NA	NA	NA	NA	NA	other
szlogen	25	31893	-7.151266004088514	31918	TRUE	4.9980414736766905	slogen	7.832570963092926e-4	27	50	French (n = 27)	unknown (n = 50)	0.5497931609531396		TRUE	French	unknown	French	French/Latin (educated)	NA	NA	NA	NA	educated
szoftver	61	191360	-8.051037885571093	191421	TRUE	7.809005133270775	softver	3.18669320502975e-4	33	23	English (n = 33)	20th c (n = 23)	1.327747071252456		NA	English	20th c	English; 20th c	NA	1990	NA	NA	NA	other
szonett	20	4499	-5.4158781552871815	4519	TRUE	4.4622286855089754	sonett	0.00442575791104226	27	26	French (n = 27)	18th c (n = 26)	-0.29920016810812317	international word	TRUE	French	18th c	French	French/Latin (educated)	1789	nemzetközi	TRUE	international word	educated
szovjet	8	31869	-8.289947487768288	31877	TRUE	2.8280721848703148	sovjet	2.509646453555854e-4	29	40	other (n = 29)	19th c (n = 40)	0.5492349329976701		NA	other	19th c		NA	1895	orosz	FALSE	NA	other
szubrett	1	425	-6.052089168924417	426	TRUE	0.9988256014738632	subrett	0.00234741784037558	27	50	French (n = 27)	unknown (n = 50)	-1.3248329103366059		TRUE	French	unknown	French	French/Latin (educated)	NA	NA	NA	NA	educated
sábesz	10	102	-2.3223877202902252	112	TRUE	3.017804310611087	šábes	0.0892857142857143	11	50	Yiddish (n = 11)	unknown (n = 50)	-1.9050244867691433		FALSE	Yiddish	unknown	Yiddish	German/Yiddish (colloquial)	NA	NA	NA	NA	colloquial
sóder	373	1294	-1.2439150554170304	1667	TRUE	17.01585414081737	šóder	0.22375524895020996	47	26	German (n = 47)	18th c (n = 26)	-0.7323069096113195		FALSE	German	18th c	German; 18th c	German/Yiddish (colloquial)	1781	német (baj	FALSE	NA	colloquial
sólet	86	1280	-2.700268060660155	1366	TRUE	8.97695112704393	šólet	0.0629575402635432	11	40	Yiddish (n = 11)	19th c (n = 40)	-0.8187918100938111		FALSE	Yiddish	19th c	Yiddish	German/Yiddish (colloquial)	1870	jiddis	FALSE	NA	colloquial
tandem	20	2024	-4.617098756853365	2044	TRUE	4.450202836248853	tandem	0.00978473581213307	27	50	French (n = 27)	unknown (n = 50)	-0.6437616179766498		TRUE	French	unknown	French	French/Latin (educated)	NA	NA	NA	NA	educated
token	6	3934	-6.48565252972095	3940	TRUE	2.4476239384681704	token	0.0015228426395939	33	50	English (n = 33)	unknown (n = 50)	-0.35874628761375077		NA	English	unknown		NA	NA	NA	NA	NA	other
totem	2	2021	-6.918200536843676	2023	TRUE	1.4135143220028468	totem	9.886307464162137e-4	29	40	other (n = 29)	19th c (n = 40)	-0.6482466266685202		NA	other	19th c		NA	1845	NA	NA	NA	other
transzfer	36	13467	-5.9244785889939315	13503	TRUE	5.991996439300815	transfer	0.00266607420573206	33	50	English (n = 33)	unknown (n = 50)	0.17618775821881646		NA	English	unknown		NA	NA	NA	NA	NA	other
traverz	16	427	-3.284195290988843	443	TRUE	3.9271009531412	traverz	0.03611738148984199	29	50	other (n = 29)	unknown (n = 50)	-1.3078387832162552		NA	other	unknown		NA	NA	NA	NA	NA	other
tróger	79	756	-2.258593523712511	835	TRUE	8.457289666494463	tróger	0.0946107784431138	47	15	German (n = 47)	17th c (n = 15)	-1.0325560339557227		FALSE	German	17th c	German; 17th c	German/Yiddish (colloquial)	1623	német (baj	FALSE	NA	colloquial
valcer	16	225	-2.643511679964639	241	TRUE	3.864939758404985	valcer	0.06639004149377592	47	26	German (n = 47)	18th c (n = 26)	-1.5722254668644564		FALSE	German	18th c	German; 18th c	German/Yiddish (colloquial)	1793	német (au	FALSE	NA	colloquial
vamzer	9	107	-2.4756042571256867	116	TRUE	2.8812712711459563	vamzer	0.07758620689655173	47	50	German (n = 47)	unknown (n = 50)	-1.8897845202124064		FALSE	German	unknown		German/Yiddish (colloquial)	NA	NA	NA	NA	colloquial
vátesz	1	737	-6.602587892189336	738	TRUE	0.9993222635615924	vátes	0.0013550135501355	15	50	Latin (n = 15)	unknown (n = 50)	-1.0861861476162833		TRUE	Latin	unknown	Latin	French/Latin (educated)	NA	NA	NA	NA	educated
zsakett	67	413	-1.8187549735700668	480	TRUE	7.592622515749526	žakett	0.13958333333333334	27	40	French (n = 27)	19th c (n = 40)	-1.2730012720637376	international word	TRUE	French	19th c	French	French/Latin (educated)	1858	nemzetközi	TRUE	international word	educated
zsorzsett	1	58	-4.060443010546419	59	TRUE	0.9914892069294688	žoržett	0.01694915254237288	27	50	French (n = 27)	unknown (n = 50)	-2.1833904977971805		TRUE	French	unknown	French	French/Latin (educated)	NA	NA	NA	NA	educated
zsáner	19	6539	-5.841100548394835	6558	TRUE	4.35258000839625	žáner	0.00289722476364745	27	50	French (n = 27)	unknown (n = 50)	-0.13747109710597843		TRUE	French	unknown	French	French/Latin (educated)	NA	NA	NA	NA	educated
ágens	7	7110	-6.923347373741973	7117	TRUE	2.644449862745976	ágenš	9.835604889700718e-4	15	15	Latin (n = 15)	17th c (n = 15)	-0.10194554361239944		TRUE	Latin	17th c	Latin	French/Latin (educated)	1616	latin	FALSE	NA	educated
ájer	15	67	-1.496642418288756	82	TRUE	3.5008709717691127	ájer	0.18292682926829268	15	6	Latin (n = 15)	16th c (n = 6)	-2.040428657055608		TRUE	Latin	16th c	Latin	French/Latin (educated)	1565	latin	FALSE	NA	educated
ámen	1	445	-6.09807428216624	446	TRUE	0.998878294655376	ámen	0.00224215246636771	15	2	Latin (n = 15)	before 16th c (n = 2)	-1.304907650727183		TRUE	Latin	before 16th c	Latin	French/Latin (educated)	1200	latin	FALSE	NA	educated
