stem	back	front	log_odds_back	stem_freq	stem_varies	sd_back	transcribed	p_back	international	note	borrowing_language	borrowing_period	borrowing_label	borrowing_category	first_mention	borrowing_original	predicted_loo	semantic_x	semantic_y	sigma	alpha	rmse
azbeszt	30	3407	-4.732390035998812	3437	TRUE	5.453269086520222	azbest	0.00872854233343031	TRUE	international word	German	17th c	German; 17th c	German/Yiddish	1655	nemzetközi	-4.535585944657923	-0.07937877349955834	0.09824261013090353	1	1	2.2737560978464155
bagett	24	4529	-5.240202613208268	4553	TRUE	4.886050553012019	bagett	0.00527124972545574	NA	NA	French	20th c	French	French/Latin	1983	NA	-4.158840189737308	0.02455958254104924	0.09400893025857755	1	1	2.2737560978464155
bagger	6	47	-2.0583881324820035	53	TRUE	2.306676118786756	bagger	0.11320754716981134	NA	NA	NA	19th c	NA	NA	1893	NA	-1.8615383050892786	0.3041666910829688	-0.07178007965878494	1	1	2.2737560978464155
bakter	366	268	0.3116463528905096	634	TRUE	12.438365397187171	bakter	0.5772870662460569	FALSE	NA	German	17th c	German; 17th c	German/Yiddish	1638	német (baj	-0.9010369927788255	0.21680950735147528	-0.309818440944291	1	1	2.2737560978464155
balek	5215	225	3.1431939652304526	5440	TRUE	14.686522182720095	balek	0.9586397058823528	FALSE	NA	NA	18th c	NA	NA	1782	oszmán-török, esetleg bolgár jövevényszó	-3.006908939255269	0.03178334585424567	-0.19073034560484678	1	1	2.2737560978464155
balett	2755	14133	-1.635095045781136	16888	TRUE	48.016319836385144	balett	0.16313358597820937	TRUE	international word	French	18th c	French	French/Latin	1791	nemzetközi	-5.020267902480549	0.08795050719415819	-0.09069870324314434	1	1	2.2737560978464155
bankett	107	5232	-3.889720058675128	5339	TRUE	10.23990190063518	bankett	0.02004120621839296	TRUE	international word	French	17th c	French	French/Latin	1649	nemzetközi	-3.0049438208609844	-0.11785229353768922	-0.01772570623624967	1	1	2.2737560978464155
barrel	2	81	-3.7013019741124937	83	TRUE	1.3970709462713993	barrel	0.02409638554216866	NA	NA	English	NA	NA	NA	NA	NA	-4.406982289141204	-0.21523023214695552	-0.08921618536691725	1	1	2.2737560978464155
barter	45	564	-2.528391761727739	609	TRUE	6.455608170210661	barter	0.07389162561576355	NA	NA	French	20th c	French	French/Latin	1988	NA	-3.2969169315049487	-0.1068025301226399	0.20338783468373195	1	1	2.2737560978464155
bojler	312	915	-1.075920877466039	1227	TRUE	15.253361487712032	bojler	0.254278728606357	NA	NA	NA	20th c	NA	NA	1914	NA	-3.674378657825626	-0.02835285743618005	0.12980333233258737	1	1	2.2737560978464155
bovden	13	531	-3.709812663780402	544	TRUE	3.5622097404973387	bovden	0.02389705882352941	NA	NA	English	20th c	English; 20th c	NA	1990	NA	-2.8047359790180346	-0.0852312079132102	0.11215147093331795	1	1	2.2737560978464155
brojler	1	255	-5.541263545158426	256	TRUE	0.998044963916957	brojler	0.00390625	NA	NA	English	20th c	English; 20th c	NA	1994	NA	-3.9095158286989307	-0.1076086996324061	-0.22838419577971242	1	1	2.2737560978464155
bróker	28	8545	-5.720897085374487	8573	TRUE	5.282854351498676	bróker	0.00326606788755394	NA	NA	English	20th c	English; 20th c	NA	1991	NA	-3.2159071686239447	-0.0580524384210022	-0.18220155078902286	1	1	2.2737560978464155
bukfenc	3	3841	-7.154875739677795	3844	TRUE	1.7313747973404732	bukfenc	7.804370447450573e-4	FALSE	NA	NA	16th c	NA	NA	1574	belső keletkezésű, de kialakulásmódja bizonytalan	-3.529341851582677	0.010650078042387113	-0.0016329480924457858	1	1	2.2737560978464155
bunker	1217	8567	-1.9515287989765169	9784	TRUE	32.643855785175	bunker	0.12438675388389206	FALSE	NA	German	20th c	German; 20th c	German/Yiddish	1906	német	-3.0228648977140917	0.0156777128643945	-0.03518871437139512	1	1	2.2737560978464155
burleszk	3	1191	-5.983936280687191	1194	TRUE	1.729873495824995	burlesk	0.00251256281407035	TRUE	international word	English	18th c	English; 18th c	NA	1788	nemzetközi	-4.220043998610471	-0.12013194627402357	-0.03996356111950487	1	1	2.2737560978464155
charter	3	1950	-6.476972362889683	1953	TRUE	1.7307199961487487	harter	0.00153609831029185	NA	NA	English	20th c	English; 20th c	NA	1994	NA	-3.3796469940247422	-0.3528192508667377	0.08019464659022241	1	1	2.2737560978464155
codec	1	353	-5.8664680569332965	354	TRUE	0.9985865717317342	kodek	0.00282485875706214	NA	NA	English	20th c	English; 20th c	NA	2000	NA	-4.732199147875926	-0.08562301041647341	-0.03801108084090367	1	1	2.2737560978464155
docens	6	29878	-8.513118233374207	29884	TRUE	2.449243830652437	docenš	2.0077633516262888e-4	FALSE	NA	German	19th c	German; 19th c	German/Yiddish	1846	német	-2.7848885137971804	0.074246377627684	0.0930697451842341	1	1	2.2737560978464155
dodzsem	3	653	-5.382964840608321	656	TRUE	1.728085787165926	dodžem	0.00457317073170731	NA	NA	English	20th c	English; 20th c	NA	1964	NA	-1.504658440729627	-0.07921113300280076	0.2004107243617812	1	1	2.2737560978464155
doppler	6	348	-4.060443010546419	354	TRUE	2.428642642453962	doppler	0.01694915254237288	NA	NA	German	19th c	German; 19th c	German/Yiddish	1900	NA	-2.6288921493699204	0.12397468360882992	-0.11454453766934708	1	1	2.2737560978464155
drukker	27	18506	-6.530013416804646	18533	TRUE	5.192366007915616	drukker	0.0014568607349053	FALSE	NA	German	19th c	German; 19th c	German/Yiddish	1872	a szócsalád drukkol és drukk tagja német jövevényszó	-3.825260983251877	0.020862519345480994	-0.15495042857870414	1	1	2.2737560978464155
duett	20	11632	-6.3657829262193095	11652	TRUE	4.468296222210412	duett	0.00171644352900789	NA	NA	NA	18th c	NA	NA	1799	NA	-4.79951939966143	0.10226303635830633	0.0017019443774201552	1	1	2.2737560978464155
dzsungel	505	19590	-3.658216081663227	20095	TRUE	22.18803804074476	džungel	0.0251306295098283	TRUE	international word	English	19th c	English; 19th c	NA	1872	nemzetközi	-2.8998234061473727	0.10055839458969222	0.023380974526770796	1	1	2.2737560978464155
dózer	130	788	-1.8019636394022969	918	TRUE	10.563636397725697	dózer	0.14161220043572983	NA	NA	English	20th c	English; 20th c	NA	1962	NA	-2.3079598979719247	0.038571945063221605	0.06364953060786555	1	1	2.2737560978464155
falzett	31	212	-1.9225990701868665	243	TRUE	5.20050646473129	falzett	0.12757201646090532	NA	NA	NA	19th c	NA	NA	1834	NA	-3.3676034985255647	0.13123744078822777	0.05470985165322907	1	1	2.2737560978464155
farmer	7287	20249	-1.0220134709289872	27536	TRUE	73.20247222109023	farmer	0.2646353864032539	NA	NA	English	18th c	English; 18th c	NA	1793	NA	-2.447890396401791	0.333356194315421	-0.01071216397103297	1	1	2.2737560978464155
fater	5385	190	3.344348517430003	5575	TRUE	13.54712750649119	fater	0.9659192825112108	FALSE	NA	German	17th c	German; 17th c	German/Yiddish	1628	német	-0.37416778810513884	0.20312790840667724	0.22148162596286475	1	1	2.2737560978464155
flanel	73	159	-0.7784447610718404	232	TRUE	7.07320100193633	flanel	0.3146551724137931	FALSE	NA	German	17th c	German; 17th c	German/Yiddish	1697	német	-1.8288994653941453	0.14975514485650387	0.18542199543495846	1	1	2.2737560978464155
flaszter	194	922	-1.5586870644932656	1116	TRUE	12.660015231550174	flaster	0.1738351254480287	FALSE	NA	German	18th c	German; 18th c	German/Yiddish	1795	német	-1.3927064614500486	0.024645470055515106	0.10446553353769844	1	1	2.2737560978464155
flóbert	5	50	-2.3025850929940455	55	TRUE	2.1320071635561044	flóbert	0.09090909090909093	NA	NA	French	19th c	French	French/Latin	1900	NA	-2.96485125364012	0.027346066210597757	0.1742180348438191	1	1	2.2737560978464155
fotel	11597	25177	-0.7751844353673116	36774	TRUE	89.10547356389542	fotel	0.3153586773263719	TRUE	international word	French	19th c	French	French/Latin	1848	nemzetközi	-2.57071764806129	0.32291969117147445	-0.14586169030097365	1	1	2.2737560978464155
fráter	34	997	-3.378390245345677	1031	TRUE	5.73400021685611	fráter	0.03297769156159069	FALSE	NA	Latin	before 16th c	Latin	French/Latin	1372	latin	-2.266701121195621	0.19240463182571169	0.008968749655826221	1	1	2.2737560978464155
fuser	5	19	-1.3350010667323402	24	TRUE	1.9895560643855537	fušer	0.20833333333333331	FALSE	NA	German	16th c	German; 16th c	German/Yiddish	1564	német (k	-0.7595808360759266	0.0725542762614469	0.1865199310940291	1	1	2.2737560978464155
gatyesz	22	9	0.8938178760220965	31	TRUE	2.527270617522696	gaṯes	0.7096774193548386	NA	NA	NA	NA	NA	NA	NA	NA	-1.1430661039894248	0.0172852682421854	0.08665073698263698	1	1	2.2737560978464155
gukker	18	52	-1.0608719606852628	70	TRUE	3.656696401320264	gukker	0.2571428571428571	NA	NA	German	19th c	German; 19th c	German/Yiddish	1900	NA	-2.5388814976212277	-0.014407718999964248	-0.01974252700815075	1	1	2.2737560978464155
gólem	1	1736	-7.459338895220296	1737	TRUE	0.999712105939046	gólem	5.757052389176739e-4	NA	NA	Yiddish	NA	Yiddish	German/Yiddish	NA	NA	-3.3010528501421863	-0.26352125611549354	-0.07224257488361621	1	1	2.2737560978464155
hardver	116	33523	-5.6663968582915585	33639	TRUE	10.751743491594286	hardver	0.00344837837034394	NA	NA	English	20th c	English; 20th c	NA	1990	NA	-4.313984514611009	0.0759999800820299	-0.08622507229718379	1	1	2.2737560978464155
haver	71848	634	4.7302591009135595	72482	TRUE	25.06899284918201	haver	0.9912530007450124	FALSE	NA	Yiddish	19th c	Yiddish	German/Yiddish	1862	jiddis	-1.2886581431343318	0.05535086114073555	-0.10280000710723347	1	1	2.2737560978464155
hotel	7618	139392	-2.9067762398140284	147010	TRUE	84.98963616759963	hotel	0.05181960410856404	NA	NA	English	NA	NA	NA	NA	NA	-3.805512291388493	0.14493419959837983	-0.07803554458619394	1	1	2.2737560978464155
jampec	183	281	-0.4288685164923248	464	TRUE	10.527365816503329	jampec	0.3943965517241379	FALSE	NA	Yiddish	20th c	Yiddish	German/Yiddish	1921	jiddis	-3.09323956299365	0.10146753448348127	-0.23169702194950614	1	1	2.2737560978464155
junker	25	218	-2.1656192379208883	243	TRUE	4.7358192046460825	junker	0.10288065843621398	NA	NA	German	NA	NA	German/Yiddish	NA	NA	-3.2805734789721948	0.09446188018427994	-0.19484832448408948	1	1	2.2737560978464155
kadet	158	416	-0.9680902272342964	574	TRUE	10.700874300794013	kadet	0.27526132404181186	NA	NA	German	18th c	German; 18th c	German/Yiddish	1732	NA	-2.3577644235466098	0.2356215979596911	-0.0374766029071787	1	1	2.2737560978464155
kampec	41	30	0.31237468504215243	71	TRUE	4.162204183118823	kampec	0.5774647887323944	FALSE	NA	German	19th c	German; 19th c	German/Yiddish	1848	bizonytalan eredetű, esetleg német jövevényszó	-0.6430037464048459	0.1687923303057401	0.09029417714077352	1	1	2.2737560978464155
karcer	36	93	-0.949080554697146	129	TRUE	5.094456631682423	karcer	0.27906976744186046	FALSE	NA	Latin	17th c	Latin	French/Latin	1647	latin	-2.4022607692174773	-0.16714918277339433	-0.1063528855368264	1	1	2.2737560978464155
kartell	141	5169	-3.601674634817871	5310	TRUE	11.715627691395362	kartell	0.02655367231638417	FALSE	NA	German	19th c	German; 19th c	German/Yiddish	1807	német	-6.593167444306587	-0.1084137440363225	0.1534613105083846	1	1	2.2737560978464155
karter	113	232	-0.7193495529539694	345	TRUE	8.717132888576463	karter	0.32753623188405795	NA	NA	NA	NA	NA	NA	NA	NA	-3.0049545514904823	0.03975083800822818	0.10009049363696736	1	1	2.2737560978464155
klapec	18	9	0.6931471805599453	27	TRUE	2.4494897427831783	klapec	0.6666666666666666	FALSE	NA	NA	18th c	NA	NA	1774	szlovák	-2.4309320762899542	-0.2876939361993079	-0.09290859533326332	1	1	2.2737560978464155
klaszter	77	20087	-5.564022696780865	20164	TRUE	8.758193941608374	klaster	0.00381868676849831	NA	NA	English	NA	NA	NA	NA	NA	-5.1074913853988395	0.0029694670517207964	0.015175275240525055	1	1	2.2737560978464155
klozet	388	185	0.7406495145449485	573	TRUE	11.192430750654768	klozet	0.6771378708551483	NA	NA	English	NA	NA	NA	NA	NA	-0.8178419545962661	0.10790326626181906	0.1058083510658192	1	1	2.2737560978464155
koffer	668	2175	-1.180495769986139	2843	TRUE	22.60629715636893	koffer	0.23496306718255364	FALSE	NA	German	18th c	German; 18th c	German/Yiddish	1757	német	-1.6959469050759681	0.1375100462472362	0.03224677860985668	1	1	2.2737560978464155
kolesz	2920	320	2.211017899468555	3240	TRUE	16.982198377371375	koles	0.9012345679012346	NA	NA	NA	NA	NA	NA	NA	NA	-0.6515910894375279	0.05447589533558576	-0.11652438625383761	1	1	2.2737560978464155
koncert	69	510521	-8.909080547284567	510590	TRUE	8.306062574593154	koncert	1.3513778178186032e-4	TRUE	international word	French	18th c	French	French/Latin	1753	nemzetközi	-4.847196432997956	-0.18277197990480845	-0.22678118579840587	1	1	2.2737560978464155
konszern	3	6888	-7.738923757439457	6891	TRUE	1.7316737419700765	konsern	4.3535045711798017e-4	NA	NA	English	NA	NA	NA	NA	NA	-4.841136589808803	-0.10984516794386444	0.034015664449328055	1	1	2.2737560978464155
konzerv	70	16657	-5.472090585427749	16727	TRUE	8.349075424333094	konzerv	0.00418485083995934	FALSE	NA	English	19th c	English; 19th c	NA	1872	a szócsalád időrendben legkorábbi tagja, a konzervál latin jövevényszó	-2.391448956294559	-0.021409886079254366	0.03990288581628043	1	1	2.2737560978464155
kopek	22	144	-1.8787708462176849	166	TRUE	4.368562389321868	kopek	0.1325301204819277	FALSE	NA	NA	18th c	NA	NA	1757	vándorszó	-2.8570297509191613	0.008290891900031114	-0.002373689224058203	1	1	2.2737560978464155
korner	48	620	-2.5585184671312464	668	TRUE	6.674645923462369	korner	0.0718562874251497	NA	NA	English	NA	NA	NA	NA	NA	-2.3877042414139296	-0.00403934625912833	0.004183113826487809	1	1	2.2737560978464155
kornett	8	71	-2.1832383353614793	79	TRUE	2.681393931842451	kornett	0.10126582278481014	NA	NA	French	NA	French	French/Latin	NA	NA	-4.092993277910013	-0.1585237917369041	-0.1636219288502079	1	1	2.2737560978464155
korvett	4	622	-5.0466457316192885	626	TRUE	1.9935999835896592	korvett	0.00638977635782747	TRUE	international word	French	19th c	French	French/Latin	1806	nemzetközi	-4.681804174901669	0.10961238139078655	-0.08960757499529383	1	1	2.2737560978464155
krapek	436	39	2.414080597219388	475	TRUE	5.9831341901082356	krapek	0.9178947368421052	FALSE	NA	NA	19th c	NA	NA	1862	szlovák	-1.4901236902712487	0.14942905502044665	0.10189397057783796	1	1	2.2737560978464155
krokett	47	1584	-3.5175609706643125	1631	TRUE	6.756153949281257	krokett	0.02881667688534641	NA	NA	French	NA	French	French/Latin	NA	NA	-3.2472074574835736	-0.09039759931204419	0.1851300747455495	1	1	2.2737560978464155
kráter	87	9093	-4.649352047071329	9180	TRUE	9.283075470773596	kráter	0.00947712418300653	FALSE	NA	Latin	17th c	Latin	French/Latin	1636	latin	-4.2843217180586475	-0.009713854823273025	0.15089780863891752	1	1	2.2737560978464155
kukker	53	236	-1.493539891473488	289	TRUE	6.578774720007442	kukker	0.18339100346020765	FALSE	NA	German	19th c	German; 19th c	German/Yiddish	1803	német	-2.6703346497233724	0.26699748513291943	-0.01852979719399841	1	1	2.2737560978464155
kupec	72	662	-2.218599436920953	734	TRUE	8.058370164014091	kupec	0.09809264305177112	FALSE	NA	NA	17th c	NA	NA	1632	szlovák	-1.0296742997385715	-0.0489421181983946	-0.010383800247481296	1	1	2.2737560978464155
kábel	658	94028	-4.962142957912092	94686	TRUE	25.562225459975014	kábel	0.00694928500517499	TRUE	international word	German	19th c	German; 19th c	German/Yiddish	1867	nemzetközi	-4.215051939135188	-0.09279426555936766	-0.1450996449700744	1	1	2.2737560978464155
káder	52	3884	-4.313377110829788	3936	TRUE	7.163309858583621	káder	0.01321138211382114	FALSE	NA	German	19th c	German; 19th c	German/Yiddish	1885	német	-3.5179082059871565	-0.13945090018929013	-0.3158570911608495	1	1	2.2737560978464155
kódex	19	48210	-7.838882768233227	48229	TRUE	4.358040256461757	kódekš	3.939538451968734e-4	FALSE	NA	Latin	16th c	Latin	French/Latin	1559	latin	-4.920690332493196	0.0018453537746148882	-0.33269981181100294	1	1	2.2737560978464155
kókler	29	2218	-4.337065337923838	2247	TRUE	5.350301223900468	kókler	0.01290609701824655	FALSE	NA	German	17th c	German; 17th c	German/Yiddish	1629	német	-2.3423889299975578	0.07920126024664241	-0.10026786148130921	1	1	2.2737560978464155
kóter	222	254	-0.13465688514625712	476	TRUE	10.884033483683776	kóter	0.4663865546218487	FALSE	NA	German	18th c	German; 18th c	German/Yiddish	1720	német (baj	-1.6595101465758657	-2.137823489004182e-4	0.19976624584646666	1	1	2.2737560978464155
lasztex	1	19	-2.9444389791664407	20	TRUE	0.9746794344808964	lastekš	0.04999999999999999	NA	NA	NA	NA	NA	NA	NA	NA	-3.443491113976524	-0.09024959588933082	0.32120763966706384	1	1	2.2737560978464155
latex	125	2639	-3.049841599201023	2764	TRUE	10.924603467686776	latekš	0.04522431259044863	NA	NA	Latin	NA	Latin	French/Latin	NA	NA	-4.280294837908692	-0.09680923029641984	0.18398848461418527	1	1	2.2737560978464155
luesz	1	22	-3.0910424533583156	23	TRUE	0.9780192938436516	lues	0.04347826086956522	NA	NA	NA	NA	NA	NA	NA	NA	-3.7240566035769858	-0.24913805007362216	0.17754213704311925	1	1	2.2737560978464155
lumen	2	1760	-6.779921907472252	1762	TRUE	1.4134107161191358	lumen	0.00113507377979568	NA	NA	French	NA	French	French/Latin	NA	NA	-4.268346286473783	-0.02939253581807123	0.04109990860792755	1	1	2.2737560978464155
lumpen	1	414	-6.025865973825314	415	TRUE	0.9987944540523755	lumpen	0.00240963855421686	NA	NA	German	NA	NA	German/Yiddish	NA	NA	-1.5156656138164761	0.12852046553798913	-0.1487735968701707	1	1	2.2737560978464155
láger	552	6769	-2.506560598231512	7321	TRUE	22.591579324129174	láger	0.07539953558257072	FALSE	NA	German	18th c	German; 18th c	German/Yiddish	1759	német	-3.410707525541303	0.2288616368451768	-0.03415739655706258	1	1	2.2737560978464155
lóden	8	51	-1.8523840910444895	59	TRUE	2.629687098741623	lóden	0.13559322033898308	FALSE	NA	German	18th c	German; 18th c	German/Yiddish	1788	német	-2.400605060161962	0.21891729048842407	0.19216802388653798	1	1	2.2737560978464155
macesz	117	88	0.28483712031954966	205	TRUE	7.086916836248499	maces	0.5707317073170731	FALSE	NA	Yiddish	19th c	Yiddish	German/Yiddish	1862	jiddis	-2.362389972149277	0.06270811459022042	0.0915712433585959	1	1	2.2737560978464155
macher	14	40	-1.0498221244986778	54	TRUE	3.220305943597653	maher	0.25925925925925924	FALSE	NA	German	19th c	German; 19th c	German/Yiddish	1878	német	-4.156413635175824	0.07498506548017692	-0.12435017362009392	1	1	2.2737560978464155
majszter	2	21	-2.3513752571634776	23	TRUE	1.3513278493843526	majster	0.08695652173913043	FALSE	NA	German	17th c	German; 17th c	German/Yiddish	1611	német	-1.5937074494838672	-0.07473851597559855	0.015804377981398506	1	1	2.2737560978464155
makett	345	17752	-3.94070904758107	18097	TRUE	18.396275248789667	makett	0.01906393324860474	TRUE	international word	English	20th c	English; 20th c	NA	1902	nemzetközi	-5.295676562243676	-0.0058918743408638355	0.1947275461444237	1	1	2.2737560978464155
malter	667	222	1.1001126640433443	889	TRUE	12.905906775437668	malter	0.750281214848144	NA	NA	NA	NA	NA	NA	NA	NA	-2.116664520945836	0.1509231319580911	-0.003466004305627126	1	1	2.2737560978464155
maszek	2084	80	3.260017768199376	2164	TRUE	8.777386505288252	masek	0.9630314232902034	FALSE	NA	NA	20th c	NA	NA	1951	szórövidítéssel keletkezett szóösszevonás eredménye	-1.2110165500504837	0.12421578082724385	-0.25600768393010054	1	1	2.2737560978464155
matek	18299	276	4.194200826810537	18575	TRUE	16.489360328335525	matek	0.9851413189771197	NA	NA	NA	NA	NA	NA	NA	NA	-1.5022058713248647	0.13977380165932313	-0.11670042439351792	1	1	2.2737560978464155
mater	193	2954	-2.7282252741864395	3147	TRUE	13.459704599977396	mater	0.0613282491261519	NA	NA	Latin	NA	Latin	French/Latin	NA	NA	-2.5375333802736315	-0.2688751512403392	-0.1151077439619311	1	1	2.2737560978464155
modell	231	523157	-7.725219178681491	523388	TRUE	15.195329774493368	modell	4.4135517054269487e-4	TRUE	international word	German	18th c	German; 18th c	German/Yiddish	1789	nemzetközi	-6.839798336395873	-0.48479683700144566	-0.120242155634347	1	1	2.2737560978464155
modem	89	21524	-5.4882875008771705	21613	TRUE	9.414537036475023	modem	0.00411789200943876	NA	NA	English	20th c	English; 20th c	NA	1990	NA	-4.037273545693733	-0.30659348154480803	-0.04489742026458179	1	1	2.2737560978464155
modern	22	323	-2.686609869864341	345	TRUE	4.5384029624169955	modern	0.06376811594202898	NA	NA	French	18th c	French	French/Latin	1799	NA	-4.676704974854582	-0.10507970763439033	-8.634710417467968e-4	1	1	2.2737560978464155
moped	18	3353	-5.227238988570064	3371	TRUE	4.231298392599425	moped	0.00533966182141797	NA	NA	French	NA	French	French/Latin	NA	NA	-1.9673227586800461	0.01325206560727368	0.0847071819121953	1	1	2.2737560978464155
motel	617	3365	-1.6963142181734403	3982	TRUE	22.834131008758867	motel	0.15494726268206932	TRUE	international word	English	20th c	English; 20th c	NA	1958	nemzetközi	-1.911362398450608	0.20578121474261793	0.00447791201708642	1	1	2.2737560978464155
muter	745	102	1.9884114050952884	847	TRUE	9.471887192601812	muter	0.8795749704840614	FALSE	NA	German	19th c	German; 19th c	German/Yiddish	1840	német	0.09154616236838553	0.31415396713633703	-0.03493613168508367	1	1	2.2737560978464155
mutter	222	107	0.7298485474103733	329	TRUE	8.497094085788126	mutter	0.6747720364741642	NA	NA	German	19th c	German; 19th c	German/Yiddish	1840	NA	-0.9385991687855351	0.01812901594099305	0.052244737595698004	1	1	2.2737560978464155
mágnes	10	15983	-7.376695843374607	15993	TRUE	3.1612888612760757	mágneš	6.252735571812671e-4	FALSE	NA	Latin	16th c	Latin	French/Latin	1577	latin	-4.427989005465793	-0.20662008058315087	-0.04092506014478275	1	1	2.2737560978464155
nonszensz	2	1980	-6.897704943128636	1982	TRUE	1.413499853742037	nonsens	0.00100908173562058	NA	NA	French	NA	French	French/Latin	NA	NA	-3.8517612235828635	-0.13937555346284974	-0.10340204835690976	1	1	2.2737560978464155
notesz	628	3797	-1.7994263937636037	4425	TRUE	23.213652713788587	notes	0.14192090395480225	TRUE	international word	English	19th c	English; 19th c	NA	1873	nemzetközi	-3.623028174620492	0.0033806558815572137	0.2557177642793094	1	1	2.2737560978464155
okker	41	440	-2.373202660207999	481	TRUE	6.124148716776684	okker	0.08523908523908524	FALSE	NA	German	17th c	German; 17th c	German/Yiddish	1682	német	-2.2032972964204234	0.13512169768843962	0.294178242569676	1	1	2.2737560978464155
omlett	9	3760	-6.0349496590477205	3769	TRUE	2.9964160072158346	omlett	0.00238790130007959	FALSE	NA	French	19th c	French	French/Latin	1848	francia	-2.1635052285475966	0.2169371143775444	0.18114211548685857	1	1	2.2737560978464155
pajesz	271	14	2.963061491264442	285	TRUE	3.648599827571448	pajes	0.9508771929824562	FALSE	NA	Yiddish	19th c	Yiddish	German/Yiddish	1875	jiddis	-1.393725651026867	0.03648141736711818	1.7373527189076332e-4	1	1	2.2737560978464155
pakett	61	889	-2.6792233713405933	950	TRUE	7.555339694198854	pakett	0.06421052631578947	NA	NA	French	NA	French	French/Latin	NA	NA	-5.189351872397953	-0.16370708771012227	-0.2199845049304569	1	1	2.2737560978464155
pamflet	10	1647	-5.104125637183595	1657	TRUE	3.152721042183242	pamflet	0.0060350030175015	TRUE	international word	German	18th c	German; 18th c	German/Yiddish	1796	nemzetközi	-5.253956233954987	-0.20976485049590524	-0.10607884844351492	1	1	2.2737560978464155
panel	13651	66278	-1.580045238067159	79929	TRUE	106.39341301518884	panel	0.1707890753043326	TRUE	international word	German	20th c	German; 20th c	German/Yiddish	1953	nemzetközi	-4.737622065348907	-0.1726101646566844	0.10662082725210661	1	1	2.2737560978464155
parkett	355	9332	-3.269086843665905	9687	TRUE	18.492979648324823	parkett	0.03664705275110973	FALSE	NA	German	19th c	German; 19th c	German/Yiddish	1817	német	-2.5269401925245836	-0.07113280816734427	0.14883228430965983	1	1	2.2737560978464155
parszek	9	177	-2.9789251552376097	186	TRUE	2.9265194564588595	parsek	0.04838709677419355	NA	NA	English	20th c	English; 20th c	NA	1990	NA	-4.436748198027519	-0.23871319904994814	0.07342964418136037	1	1	2.2737560978464155
partner	471	655199	-7.237836191251888	655670	TRUE	21.69473801503814	partner	7.183491695517563e-4	TRUE	international word	English	19th c	English; 19th c	NA	1839	nemzetközi	-5.103615136309948	-0.18121569795270537	-0.015256086110262513	1	1	2.2737560978464155
pasztell	84	2083	-3.210747642417658	2167	TRUE	8.985760154603966	pastell	0.03876326718966313	FALSE	NA	NA	18th c	NA	NA	1788	olasz (é	-2.9600807648743004	-0.05812905068584766	0.26687808717226513	1	1	2.2737560978464155
plakett	83	6871	-4.416224327234478	6954	TRUE	9.055901232806024	plakett	0.01193557664653436	FALSE	NA	French	19th c	French	French/Latin	1897	francia	-4.2284430832344535	-0.10915792422814136	0.2028512341949768	1	1	2.2737560978464155
pollen	7	10478	-7.311122950912852	10485	TRUE	2.6448679848206482	pollen	6.676204101096804e-4	NA	NA	Latin	18th c	Latin	French/Latin	1800	NA	-4.311235102418056	-0.1668275377402134	0.22839464506925247	1	1	2.2737560978464155
poszter	40	15402	-5.953373195985259	15442	TRUE	6.316358640738779	poster	0.0025903380391141	NA	NA	English	NA	NA	NA	NA	NA	-4.801644770076224	-0.10019868606282908	0.09742796666407083	1	1	2.2737560978464155
prakker	32	40	-0.2231435513142097	72	TRUE	4.216370213557839	prakker	0.4444444444444444	NA	NA	NA	NA	NA	NA	NA	NA	-2.1734082985376935	-0.1971447450031486	-0.004035526114438999	1	1	2.2737560978464155
projekt	193	704053	-8.201918727492497	704246	TRUE	13.890540233223266	projekt	2.7405196479639234e-4	NA	NA	English	NA	NA	NA	NA	NA	-6.456990669993098	-0.5415138385814254	-0.061027869058646045	1	1	2.2737560978464155
puffer	272	4314	-2.763818760653104	4586	TRUE	15.995856419413522	puffer	0.05931094635848234	NA	NA	English	NA	NA	NA	NA	NA	-5.125498202845234	-0.3648157346545316	0.048323535828930744	1	1	2.2737560978464155
pátens	2	616	-5.730099782973574	618	TRUE	1.4119233364778043	pátenš	0.00323624595469255	FALSE	NA	Latin	17th c	Latin	French/Latin	1614	latin	-4.151453933382149	0.07362742549611151	-0.2375948409529707	1	1	2.2737560978464155
páter	32	923	-3.3618933317031257	955	TRUE	5.561272218755298	páter	0.03350785340314136	FALSE	NA	Latin	16th c	Latin	French/Latin	1585	latin	-3.1839344444576314	0.17172364044016034	-0.24680538657475387	1	1	2.2737560978464155
póker	78	4730	-4.104971654796387	4808	TRUE	8.7598292783036	póker	0.01622296173044925	TRUE	international word	German	19th c	German; 19th c	German/Yiddish	1873	nemzetközi	-4.438645706437301	-0.02850980119714513	-0.019625852151893657	1	1	2.2737560978464155
púder	140	4318	-3.4289051884654485	4458	TRUE	11.644887702366123	púder	0.03140421713772992	FALSE	NA	German	18th c	German; 18th c	German/Yiddish	1713	német	-2.67037467898658	-0.20658864324063622	0.24491624141820814	1	1	2.2737560978464155
raszter	47	1230	-3.2646218466564045	1277	TRUE	6.72831066820824	raster	0.03680501174628035	NA	NA	English	20th c	English; 20th c	NA	1950	NA	-4.272128668283378	-0.23624917310703902	0.16686550314054685	1	1	2.2737560978464155
rocker	12	6309	-6.264825814582809	6321	TRUE	3.4608118692720846	rokker	0.00189843379212149	NA	NA	English	20th c	English; 20th c	NA	1950	NA	-2.4221077590956863	0.16976619223663267	-0.09502505230964907	1	1	2.2737560978464155
roller	372	5646	-2.719808754540288	6018	TRUE	18.681675113459857	roller	0.06181455633100698	FALSE	NA	German	20th c	German; 20th c	German/Yiddish	1932	német	-3.5292176724960207	-0.0410878201219986	0.07996049678907133	1	1	2.2737560978464155
rubel	119	3917	-3.493957840554302	4036	TRUE	10.746689166788618	rubel	0.0294846382556987	FALSE	NA	NA	18th c	NA	NA	1725	vándorszó	-4.204762214107584	-0.07333268702017146	-0.12690525493089147	1	1	2.2737560978464155
rulett	40	3046	-4.332705079341171	3086	TRUE	6.283432938132655	rulett	0.01296176279974076	TRUE	international word	French	19th c	French	French/Latin	1818	nemzetközi	-3.946687170449352	0.030614124042403996	-0.13927835404767758	1	1	2.2737560978464155
sakter	46	226	-1.591893602783191	272	TRUE	6.182280180911741	šakter	0.1691176470588235	FALSE	NA	Yiddish	18th c	Yiddish	German/Yiddish	1782	jiddis	-3.6133644847379918	0.0696422915072477	-0.05912564275284615	1	1	2.2737560978464155
saller	96	3971	-3.722425039663415	4067	TRUE	9.681629833509216	šaller	0.02360462257192033	NA	NA	German	NA	NA	German/Yiddish	NA	NA	-2.9290335661478384	0.15513252569156824	-0.10412649223328446	1	1	2.2737560978464155
samesz	484	188	0.9456429438866824	672	TRUE	11.636355181273984	šames	0.7202380952380952	FALSE	NA	Yiddish	19th c	Yiddish	German/Yiddish	1864	jiddis	-1.35349404474989	0.15775960951894455	-0.07839113897625685	1	1	2.2737560978464155
skanzen	829	9519	-2.44082492511601	10348	TRUE	27.614979086814653	škanzen	0.08011209895632007	NA	NA	NA	NA	NA	NA	NA	NA	-4.218814807774253	0.03598206227361856	-0.08732520220547983	1	1	2.2737560978464155
sláger	34	52571	-7.343559391272451	52605	TRUE	5.829067241212422	šláger	6.46326394829389e-4	FALSE	NA	German	19th c	German; 19th c	German/Yiddish	1854	német (au	-4.849879912287667	0.055253139353001086	-0.017778455738208864	1	1	2.2737560978464155
sparherd	11	139	-2.5365786603323213	150	TRUE	3.1927000067863145	šparherd	0.07333333333333333	NA	NA	German	NA	NA	German/Yiddish	NA	NA	-1.345504704223795	0.1260200762590023	0.22246927781291545	1	1	2.2737560978464155
srapnel	10	320	-3.4657359027997265	330	TRUE	3.113995776646092	šrapnel	0.0303030303030303	TRUE	international word	German	19th c	German; 19th c	German/Yiddish	1848	nemzetközi	-2.7570630927292887	0.1307916020600281	0.0786958529885176	1	1	2.2737560978464155
stukker	113	510	-1.507022907006031	623	TRUE	9.617900646247678	štukker	0.1813804173354735	NA	NA	German	NA	NA	German/Yiddish	NA	NA	-0.8239529798364191	0.16625224114608259	-0.046294279126310636	1	1	2.2737560978464155
subler	10	64	-1.8562979903656265	74	TRUE	2.940858488375231	šubler	0.1351351351351351	NA	NA	NA	NA	NA	NA	NA	NA	-2.5252039328312526	-0.05339867563672777	0.018533052995132346	1	1	2.2737560978464155
sumer	985	684	0.3646837235495385	1669	TRUE	20.091760739431106	šumer	0.5901737567405633	NA	NA	NA	NA	NA	NA	NA	NA	-4.5991981000018205	-0.014043250121158675	-0.053716125526364206	1	1	2.2737560978464155
suszter	178	747	-1.434281634840732	925	TRUE	11.989454826097266	šuster	0.1924324324324325	FALSE	NA	German	17th c	German; 17th c	German/Yiddish	1608	német (baj	-0.786232003625787	0.27507163015811753	-0.12088937909722228	1	1	2.2737560978464155
szkander	139	375	-0.9924520928397192	514	TRUE	10.0702783395781	skander	0.2704280155642023	NA	NA	NA	NA	NA	NA	NA	NA	-3.1953820268115596	0.07294850938106674	-0.15585245996527006	1	1	2.2737560978464155
szlogen	25	31893	-7.151266004088514	31918	TRUE	4.9980414736766905	slogen	7.832570963092926e-4	NA	NA	French	NA	French	French/Latin	NA	NA	-4.674757140403003	-0.19896755116874018	-0.24548183290133635	1	1	2.2737560978464155
szoftver	61	191360	-8.051037885571093	191421	TRUE	7.809005133270775	softver	3.18669320502975e-4	NA	NA	English	20th c	English; 20th c	NA	1990	NA	-5.4956518687806195	-0.41226009237067057	-0.16907015107112572	1	1	2.2737560978464155
szonett	20	4499	-5.4158781552871815	4519	TRUE	4.4622286855089754	sonett	0.00442575791104226	TRUE	international word	French	18th c	French	French/Latin	1789	nemzetközi	-4.854544592591634	-0.09807584939138557	-0.13544311986803845	1	1	2.2737560978464155
szovjet	8	31869	-8.289947487768288	31877	TRUE	2.8280721848703148	sovjet	2.509646453555854e-4	FALSE	NA	NA	19th c	NA	NA	1895	orosz	-2.776631040662221	-0.020839165285191457	-0.13171092945587934	1	1	2.2737560978464155
szubrett	1	425	-6.052089168924417	426	TRUE	0.9988256014738632	subrett	0.00234741784037558	NA	NA	French	NA	French	French/Latin	NA	NA	-2.8700475549997195	0.15403968780622074	-0.007247732420770905	1	1	2.2737560978464155
sábesz	10	102	-2.3223877202902252	112	TRUE	3.017804310611087	šábes	0.0892857142857143	NA	NA	Yiddish	NA	Yiddish	German/Yiddish	NA	NA	-2.205147649310114	0.09530126080346754	0.09087858895187774	1	1	2.2737560978464155
sóder	373	1294	-1.2439150554170304	1667	TRUE	17.01585414081737	šóder	0.22375524895020996	FALSE	NA	German	18th c	German; 18th c	German/Yiddish	1781	német (baj	-2.097638297116726	0.1157319948904811	0.31847388050609227	1	1	2.2737560978464155
sólet	86	1280	-2.700268060660155	1366	TRUE	8.97695112704393	šólet	0.0629575402635432	FALSE	NA	Yiddish	19th c	Yiddish	German/Yiddish	1870	jiddis	-2.0759603961076962	0.13602250816555167	0.12193385772182197	1	1	2.2737560978464155
tandem	20	2024	-4.617098756853365	2044	TRUE	4.450202836248853	tandem	0.00978473581213307	NA	NA	French	NA	French	French/Latin	NA	NA	-4.424269815620695	-0.24250576253340658	-0.04220494848222274	1	1	2.2737560978464155
token	6	3934	-6.48565252972095	3940	TRUE	2.4476239384681704	token	0.0015228426395939	NA	NA	English	NA	NA	NA	NA	NA	-4.420299108081863	-0.28967198440795117	0.08503454818151256	1	1	2.2737560978464155
totem	2	2021	-6.918200536843676	2023	TRUE	1.4135143220028468	totem	9.886307464162137e-4	NA	NA	NA	19th c	NA	NA	1845	NA	-2.5780170451032784	-0.04090304969503022	0.1428806913174846	1	1	2.2737560978464155
transzfer	36	13467	-5.9244785889939315	13503	TRUE	5.991996439300815	transfer	0.00266607420573206	NA	NA	English	NA	NA	NA	NA	NA	-5.567326369375253	-0.31851622904721655	0.02942711207435611	1	1	2.2737560978464155
traverz	16	427	-3.284195290988843	443	TRUE	3.9271009531412	traverz	0.03611738148984199	NA	NA	NA	NA	NA	NA	NA	NA	-1.4609557672591766	0.07954843107906086	0.08849933185215896	1	1	2.2737560978464155
tróger	79	756	-2.258593523712511	835	TRUE	8.457289666494463	tróger	0.0946107784431138	FALSE	NA	German	17th c	German; 17th c	German/Yiddish	1623	német (baj	-1.2744627491794196	0.26180701926445865	-0.09960607373647562	1	1	2.2737560978464155
valcer	16	225	-2.643511679964639	241	TRUE	3.864939758404985	valcer	0.06639004149377592	FALSE	NA	German	18th c	German; 18th c	German/Yiddish	1793	német (au	-3.7466252260755493	0.14274522091772887	-0.06230443357030656	1	1	2.2737560978464155
vamzer	9	107	-2.4756042571256867	116	TRUE	2.8812712711459563	vamzer	0.07758620689655173	NA	NA	German	NA	NA	German/Yiddish	NA	NA	-1.0382713573231792	0.21943940968005238	-0.14542926953184418	1	1	2.2737560978464155
vátesz	1	737	-6.602587892189336	738	TRUE	0.9993222635615924	vátes	0.0013550135501355	NA	NA	Latin	NA	Latin	French/Latin	NA	NA	-3.2405968355467616	0.19006300258822864	-0.23249225195810833	1	1	2.2737560978464155
zsakett	67	413	-1.8187549735700668	480	TRUE	7.592622515749526	žakett	0.13958333333333334	TRUE	international word	French	19th c	French	French/Latin	1858	nemzetközi	-1.7829663036161632	0.11430672838877533	0.14407027599540978	1	1	2.2737560978464155
zsorzsett	1	58	-4.060443010546419	59	TRUE	0.9914892069294688	žoržett	0.01694915254237288	NA	NA	French	NA	French	French/Latin	NA	NA	-1.308862162275033	0.1600295611852612	0.1871460065229138	1	1	2.2737560978464155
zsáner	19	6539	-5.841100548394835	6558	TRUE	4.35258000839625	žáner	0.00289722476364745	NA	NA	French	NA	French	French/Latin	NA	NA	-4.859810388631301	-0.030650446761357385	-0.08207493589494795	1	1	2.2737560978464155
ágens	7	7110	-6.923347373741973	7117	TRUE	2.644449862745976	ágenš	9.835604889700718e-4	FALSE	NA	Latin	17th c	Latin	French/Latin	1616	latin	-6.300493299907038	-0.3258463261262685	-0.23158147502345233	1	1	2.2737560978464155
ájer	15	67	-1.496642418288756	82	TRUE	3.5008709717691127	ájer	0.18292682926829268	FALSE	NA	Latin	16th c	Latin	French/Latin	1565	latin	-2.447819635710725	0.14644636643347875	0.08103328283539367	1	1	2.2737560978464155
ámen	1	445	-6.09807428216624	446	TRUE	0.998878294655376	ámen	0.00224215246636771	FALSE	NA	Latin	before 16th c	Latin	French/Latin	1200	latin	-2.6292049363241174	0.1432947741596793	-0.012218977765547437	1	1	2.2737560978464155
