stem	back	front	log_odds_back	stem_freq	stem_varies	sd_back	transcribed	p_back	n1	n2	borrowing_language2	borrowing_period2	stem_log10_freq	international2	category_educated	borrowing_language	borrowing_period	borrowing_label	borrowing_category	first_mention	borrowing_original	international	note	category_educated_other	observed	predicted_loo_phon	predicted_phon	phonological_x	phonological_y	predicted_loo_sem	predicted_sem	semantic_x	semantic_y
azbeszt	30	3407	-4.732390035998812	3437	TRUE	5.453269086520222	azbest	0.00872854233343031	47	15	German (n = 47)	17th c (n = 15)	-0.4180629773020996	international word	FALSE	German	17th c	German; 17th c	German/Yiddish (colloquial)	1655	nemzetközi	TRUE	international word	colloquial	FALSE	0.37623126760285197	FALSE	0.1368423150508839	0.518624848831333	0.5513882791260838	TRUE	0.5282328205386779	0.6590266267310781
bagett	24	4529	-5.240202613208268	4553	TRUE	4.886050553012019	bagett	0.00527124972545574	27	23	French (n = 27)	20th c (n = 23)	-0.295944859131135	NA	TRUE	French	20th c	French	French/Latin (educated)	1983	NA	NA	NA	educated	TRUE	0.7766220730320577	TRUE	0.018114085579535942	0.5598087024827775	0.5351781333449077	TRUE	0.6470371596202781	0.6525521939000156
bakter	366	268	0.3116463528905096	634	TRUE	12.438365397187171	bakter	0.5772870662460569	47	15	German (n = 47)	17th c (n = 15)	-1.152153251557592	NA	FALSE	German	17th c	German; 17th c	German/Yiddish (colloquial)	1638	német (baj	FALSE	NA	colloquial	FALSE	0.4723271169587381	FALSE	0.7553893501739448	0.46976388073870146	0.20184225531990088	FALSE	0.8667839992438199	0.034991757342712315
balett	2755	14133	-1.635095045781136	16888	TRUE	48.016319836385144	balett	0.16313358597820937	27	26	French (n = 27)	18th c (n = 26)	0.2733357108602751	international word	TRUE	French	18th c	French	French/Latin (educated)	1791	nemzetközi	TRUE	international word	educated	TRUE	0.8913684082138694	TRUE	0.01537507935051309	0.4002526031299705	0.7856190695457769	TRUE	0.7194946930475125	0.3700846473317421
bankett	107	5232	-3.889720058675128	5339	TRUE	10.23990190063518	bankett	0.02004120621839296	27	15	French (n = 27)	17th c (n = 15)	-0.22678258858141603	international word	TRUE	French	17th c	French	French/Latin (educated)	1649	nemzetközi	TRUE	international word	educated	TRUE	0.6054786727157939	TRUE	0.10417100806513961	0.18351421691072647	0.2137147934334247	FALSE	0.48425655138846097	0.481679945476685
barter	45	564	-2.528391761727739	609	TRUE	6.455608170210661	barter	0.07389162561576355	27	23	French (n = 27)	20th c (n = 23)	-1.1696252168064496	NA	TRUE	French	20th c	French	French/Latin (educated)	1988	NA	NA	NA	educated	TRUE	0.24238572921960788	FALSE	0.7213523650123038	0.3688319559451129	0.3539442668052123	FALSE	0.49688672844283055	0.819821895717786
bunker	1217	8567	-1.9515287989765169	9784	TRUE	32.643855785175	bunker	0.12438675388389206	47	23	German (n = 47)	20th c (n = 23)	0.03627393458890418	NA	FALSE	German	20th c	German; 20th c	German/Yiddish (colloquial)	1906	német	FALSE	NA	colloquial	FALSE	0.3017977138258734	FALSE	0.7089976995431657	0.5194411632070507	0.40659380772417447	FALSE	0.636884943470817	0.45497431902194324
docens	6	29878	-8.513118233374207	29884	TRUE	2.449243830652437	docenš	2.0077633516262888e-4	47	40	German (n = 47)	19th c (n = 40)	0.5211962182977786	NA	FALSE	German	19th c	German; 19th c	German/Yiddish (colloquial)	1846	német	FALSE	NA	colloquial	FALSE	0.9022588062363233	TRUE	0.23199676797475605	0.862705958803824	0.3197553796614624	FALSE	0.7038305040238041	0.6511159278470436
doppler	6	348	-4.060443010546419	354	TRUE	2.428642642453962	doppler	0.01694915254237288	47	40	German (n = 47)	19th c (n = 40)	-1.4052392474135371	NA	FALSE	German	19th c	German; 19th c	German/Yiddish (colloquial)	1900	NA	NA	NA	colloquial	FALSE	-0.0833943883012947	FALSE	0.806910735799253	0.5126223629804227	0.49165061981792313	FALSE	0.7606712964972722	0.333617966347602
drukker	27	18506	-6.530013416804646	18533	TRUE	5.192366007915616	drukker	0.0014568607349053	47	40	German (n = 47)	19th c (n = 40)	0.31370321630099324	NA	FALSE	German	19th c	German; 19th c	German/Yiddish (colloquial)	1872	a szócsalád drukkol és drukk tagja német jövevényszó	FALSE	NA	colloquial	FALSE	-0.06462664253223253	FALSE	0.919740746417459	0.5437999045273522	0.4616651437761857	FALSE	0.642811316859009	0.27182651433397964
fater	5385	190	3.344348517430003	5575	TRUE	13.54712750649119	fater	0.9659192825112108	47	15	German (n = 47)	17th c (n = 15)	-0.20799763771912655	NA	FALSE	German	17th c	German; 17th c	German/Yiddish (colloquial)	1628	német	FALSE	NA	colloquial	FALSE	0.362755630655479	FALSE	0.6745784783318789	0.7022511817672176	0.05961332876952813	FALSE	0.8511455633272347	0.8474921588998836
flanel	73	159	-0.7784447610718404	232	TRUE	7.07320100193633	flanel	0.3146551724137931	47	15	German (n = 47)	17th c (n = 15)	-1.5887545245484251	NA	FALSE	German	17th c	German; 17th c	German/Yiddish (colloquial)	1697	német	FALSE	NA	colloquial	FALSE	0.3988229551758616	FALSE	0.7378781794043292	0.605829663267336	0.3291954623893974	FALSE	0.7901390577398312	0.7923473055320279
flaszter	194	922	-1.5586870644932656	1116	TRUE	12.660015231550174	flaster	0.1738351254480287	47	26	German (n = 47)	18th c (n = 26)	-0.906578314837765	NA	FALSE	German	18th c	German; 18th c	German/Yiddish (colloquial)	1795	német	FALSE	NA	colloquial	FALSE	0.22153448289750322	FALSE	0.9151617218656438	0.355388301542036	0.08269850683094614	FALSE	0.6471353313614925	0.6685431468330113
flóbert	5	50	-2.3025850929940455	55	TRUE	2.1320071635561044	flóbert	0.09090909090909093	27	40	French (n = 27)	19th c (n = 40)	-2.213879819945081	NA	TRUE	French	19th c	French	French/Latin (educated)	1900	NA	NA	NA	educated	TRUE	0.21787945623422633	FALSE	0.40010442871018526	0.5265961313445483	0.3692257487320645	FALSE	0.6502221854695713	0.7752134426806192
fotel	11597	25177	-0.7751844353673116	36774	TRUE	89.10547356389542	fotel	0.3153586773263719	27	40	French (n = 27)	19th c (n = 40)	0.6112983622964289	international word	TRUE	French	19th c	French	French/Latin (educated)	1848	nemzetközi	TRUE	international word	educated	TRUE	0.28063128089348555	FALSE	0.6331963711692838	0.79606249731973	0.418533938862623	FALSE	0.9880707959450966	0.28572563454921296
fráter	34	997	-3.378390245345677	1031	TRUE	5.73400021685611	fráter	0.03297769156159069	15	2	Latin (n = 15)	before 16th c (n = 2)	-0.9409838441558084	NA	TRUE	Latin	before 16th c	Latin	French/Latin (educated)	1372	latin	FALSE	NA	educated	TRUE	0.600973536834119	TRUE	0.8017671630885781	0.6655724477240117	0.38334502775200663	FALSE	0.8388885695135834	0.5225029332431294
fuser	5	19	-1.3350010667323402	24	TRUE	1.9895560643855537	fušer	0.20833333333333331	47	6	German (n = 47)	16th c (n = 6)	-2.574031267727719	NA	FALSE	German	16th c	German; 16th c	German/Yiddish (colloquial)	1564	német (k	FALSE	NA	colloquial	FALSE	0.1557041134313027	FALSE	0.6413789141160431	0.793637889941599	0.007807065500356008	FALSE	0.7018963866090903	0.7940263438372022
gukker	18	52	-1.0608719606852628	70	TRUE	3.656696401320264	gukker	0.2571428571428571	47	40	German (n = 47)	19th c (n = 40)	-2.109144469425068	NA	FALSE	German	19th c	German; 19th c	German/Yiddish (colloquial)	1900	NA	NA	NA	colloquial	FALSE	-0.10434599929447076	FALSE	0.7449440974854447	0.5820793142231538	0.21631638378295434	FALSE	0.6024964849191615	0.47859568520813733
gólem	1	1736	-7.459338895220296	1737	TRUE	0.999712105939046	gólem	5.757052389176739e-4	11	50	Yiddish (n = 11)	unknown (n = 50)	-0.7144426909922262	NA	FALSE	Yiddish	unknown	Yiddish	German/Yiddish (colloquial)	NA	NA	NA	NA	colloquial	FALSE	0.3081420571709173	FALSE	0.42602169326571065	0.8257089843463697	0.59548282344906	TRUE	0.31775300560410125	0.3983090211598896
haver	71848	634	4.7302591009135595	72482	TRUE	25.06899284918201	haver	0.9912530007450124	11	40	Yiddish (n = 11)	19th c (n = 40)	0.9059876589074144	NA	FALSE	Yiddish	19th c	Yiddish	German/Yiddish (colloquial)	1862	jiddis	FALSE	NA	colloquial	FALSE	0.03543926275046612	FALSE	0.6469405181425162	0.7013174728242837	0.018929898682702125	FALSE	0.6822324199925313	0.35157850577189936
jampec	183	281	-0.4288685164923248	464	TRUE	10.527365816503329	jampec	0.3943965517241379	11	23	Yiddish (n = 11)	20th c (n = 23)	-1.287724528884444	NA	FALSE	Yiddish	20th c	Yiddish	German/Yiddish (colloquial)	1921	jiddis	FALSE	NA	colloquial	FALSE	0.07121246147406812	FALSE	0.4634580364055498	0.4653098302524167	0.25147278587308625	FALSE	0.7349450191314518	0.1544603745273036
junker	25	218	-2.1656192379208883	243	TRUE	4.7358192046460825	junker	0.10288065843621398	47	50	German (n = 47)	unknown (n = 50)	-1.5686362358410126	NA	FALSE	German	unknown	NA	German/Yiddish (colloquial)	NA	NA	NA	NA	colloquial	FALSE	0.011615141649319876	FALSE	0.7558266177711561	0.5535020240267114	0.48083200382461516	FALSE	0.7269373676680632	0.21081192302568105
kadet	158	416	-0.9680902272342964	574	TRUE	10.700874300794013	kadet	0.27526132404181186	47	26	German (n = 47)	18th c (n = 26)	-1.1953306170413514	NA	FALSE	German	18th c	German; 18th c	German/Yiddish (colloquial)	1732	NA	NA	NA	colloquial	FALSE	0.3985196787157141	FALSE	0.3362534466984097	0.6883992575840449	0.46793483803188995	FALSE	0.8882867252497909	0.4514755233886895
kampec	41	30	0.31237468504215243	71	TRUE	4.162204183118823	kampec	0.5774647887323944	47	40	German (n = 47)	19th c (n = 40)	-2.1029841607202497	NA	FALSE	German	19th c	German; 19th c	German/Yiddish (colloquial)	1848	bizonytalan eredetű, esetleg német jövevényszó	FALSE	NA	colloquial	FALSE	0.1872347788263075	FALSE	0.4312986530194186	0.43291965622621637	0.24985156366731867	FALSE	0.8118990732088726	0.6468713393549156
karcer	36	93	-0.949080554697146	129	TRUE	5.094456631682423	karcer	0.27906976744186046	15	15	Latin (n = 15)	17th c (n = 15)	-1.843652799140076	NA	TRUE	Latin	17th c	Latin	French/Latin (educated)	1647	latin	FALSE	NA	educated	TRUE	0.08938150122481114	FALSE	0.7195736589786925	0.3703036560411707	0.37311519555178907	FALSE	0.42790887986921305	0.34614520107172786
kartell	141	5169	-3.601674634817871	5310	TRUE	11.715627691395362	kartell	0.02655367231638417	47	40	German (n = 47)	19th c (n = 40)	-0.22914798835785585	NA	FALSE	German	19th c	German; 19th c	German/Yiddish (colloquial)	1807	német	FALSE	NA	colloquial	FALSE	0.55545221123463	TRUE	0.5445641625283383	0.2239978513271846	0.7953519010269476	TRUE	0.4950450675639596	0.7434708401326335
koffer	668	2175	-1.180495769986139	2843	TRUE	22.60629715636893	koffer	0.23496306718255364	47	26	German (n = 47)	18th c (n = 26)	-0.5004656497488827	NA	FALSE	German	18th c	German; 18th c	German/Yiddish (colloquial)	1757	német	FALSE	NA	colloquial	FALSE	0.23806942000139739	FALSE	0.725650864567761	0.5145673259933156	0.38047770555114374	FALSE	0.7761425803788201	0.5581012872631268
koncert	69	510521	-8.909080547284567	510590	TRUE	8.306062574593154	koncert	1.3513778178186032e-4	27	26	French (n = 27)	18th c (n = 26)	1.7538297953740938	international word	TRUE	French	18th c	French	French/Latin (educated)	1753	nemzetközi	TRUE	international word	educated	TRUE	0.6766823443143518	TRUE	0.40663115471481415	0.3186682763335798	0.6973953744375716	TRUE	0.4100516021662789	0.16197800739719784
kornett	8	71	-2.1832383353614793	79	TRUE	2.681393931842451	kornett	0.10126582278481014	27	50	French (n = 27)	unknown (n = 50)	-2.0566154181488834	NA	TRUE	French	unknown	French	French/Latin (educated)	NA	NA	NA	NA	educated	TRUE	0.7764871120703118	TRUE	0.06703111566523572	0.2319676766412808	0.6487837812000035	TRUE	0.4377679340282977	0.2585654630156271
korvett	4	622	-5.0466457316192885	626	TRUE	1.9935999835896592	korvett	0.00638977635782747	27	40	French (n = 27)	19th c (n = 40)	-1.1576681762288952	international word	TRUE	French	19th c	French	French/Latin (educated)	1806	nemzetközi	TRUE	international word	educated	TRUE	0.7037748857168968	TRUE	0.04511318937847103	0.22063296493497864	0.358740508728815	FALSE	0.7442547984141372	0.37175327527807334
krokett	47	1584	-3.5175609706643125	1631	TRUE	6.756153949281257	krokett	0.02881667688534641	27	50	French (n = 27)	unknown (n = 50)	-0.7417885483990491	NA	TRUE	French	unknown	French	French/Latin (educated)	NA	NA	NA	NA	educated	TRUE	0.8721367948835838	TRUE	0.07402418106272712	0.48283124215838946	0.548202900070907	TRUE	0.5156380059969103	0.7919008804473326
kráter	87	9093	-4.649352047071329	9180	TRUE	9.283075470773596	kráter	0.00947712418300653	15	15	Latin (n = 15)	17th c (n = 15)	0.00860017176191757	NA	TRUE	Latin	17th c	Latin	French/Latin (educated)	1636	latin	FALSE	NA	educated	TRUE	0.48313380898438385	FALSE	0.7736805373624839	0.6623405721697381	0.4367182407628364	FALSE	0.6078616980367592	0.7395505577384314
kukker	53	236	-1.493539891473488	289	TRUE	6.578774720007442	kukker	0.18339100346020765	47	40	German (n = 47)	19th c (n = 40)	-1.493344666682777	NA	FALSE	German	19th c	German; 19th c	German/Yiddish (colloquial)	1803	német	FALSE	NA	colloquial	FALSE	-0.07561962213999544	FALSE	0.7402867584574099	0.555911957861751	0.5385043513624849	TRUE	0.9241502089598653	0.48045027458681955
kábel	658	94028	-4.962142957912092	94686	TRUE	25.562225459975014	kábel	0.00694928500517499	47	40	German (n = 47)	19th c (n = 40)	1.0220432607759946	international word	FALSE	German	19th c	German; 19th c	German/Yiddish (colloquial)	1867	nemzetközi	TRUE	international word	colloquial	FALSE	0.343909322881289	FALSE	0.6055660152824645	0.8498616679010432	0.3884503507637593	FALSE	0.5128985519555053	0.28689100639071247
káder	52	3884	-4.313377110829788	3936	TRUE	7.163309858583621	káder	0.01321138211382114	47	40	German (n = 47)	19th c (n = 40)	-0.35918741968002094	NA	FALSE	German	19th c	German; 19th c	German/Yiddish (colloquial)	1885	német	FALSE	NA	colloquial	FALSE	0.49389470389602574	FALSE	0.644980593779088	0.834497198855278	0.19548853808708255	FALSE	0.45956876252902984	0.025757040406991602
kódex	19	48210	-7.838882768233227	48229	TRUE	4.358040256461757	kódekš	3.939538451968734e-4	15	6	Latin (n = 15)	16th c (n = 6)	0.7290657477348014	NA	TRUE	Latin	16th c	Latin	French/Latin (educated)	1559	latin	FALSE	NA	educated	TRUE	0.1126988182117028	FALSE	0.19533590090748817	0.8823103817796806	0.6109334479023432	TRUE	0.6210741846499004	0
kókler	29	2218	-4.337065337923838	2247	TRUE	5.350301223900468	kókler	0.01290609701824655	47	15	German (n = 47)	17th c (n = 15)	-0.602639437020196	NA	FALSE	German	17th c	German; 17th c	German/Yiddish (colloquial)	1629	német	FALSE	NA	colloquial	FALSE	-0.055084143768626276	FALSE	0.6972331039735321	0.5779321647054031	0.3545534261148514	FALSE	0.7094940682477974	0.355450836053808
kóter	222	254	-0.13465688514625712	476	TRUE	10.884033483683776	kóter	0.4663865546218487	47	26	German (n = 47)	18th c (n = 26)	-1.2766355567188317	NA	FALSE	German	18th c	German; 18th c	German/Yiddish (colloquial)	1720	német (baj	FALSE	NA	colloquial	FALSE	0.4297815125593103	FALSE	0.6586901711539981	0.834897981323242	0.3850584512015898	FALSE	0.6187205366266652	0.8142835143626276
latex	125	2639	-3.049841599201023	2764	TRUE	10.924603467686776	latekš	0.04522431259044863	15	50	Latin (n = 15)	unknown (n = 50)	-0.5127044707371641	NA	TRUE	Latin	unknown	Latin	French/Latin (educated)	NA	NA	NA	NA	educated	TRUE	0.5777089881059481	TRUE	0.3026440549496459	0.7210683021673439	0.46107180226755884	FALSE	0.5083093391740845	0.7901550827372991
lumen	2	1760	-6.779921907472252	1762	TRUE	1.4134107161191358	lumen	0.00113507377979568	27	50	French (n = 27)	unknown (n = 50)	-0.7082366053632958	NA	TRUE	French	unknown	French	French/Latin (educated)	NA	NA	NA	NA	educated	TRUE	0.2324063946249063	FALSE	0.485809541649705	0.9218867277148275	0.6221080172699807	TRUE	0.5853684358894221	0.571640099182244
lumpen	1	414	-6.025865973825314	415	TRUE	0.9987944540523755	lumpen	0.00240963855421686	47	50	German (n = 47)	unknown (n = 50)	-1.3361944127272325	NA	FALSE	German	unknown	NA	German/Yiddish (colloquial)	NA	NA	NA	NA	colloquial	FALSE	0.42744565863809747	FALSE	0.5953288323097382	0.6713840991091886	0.13708322563843328	FALSE	0.7658672476194147	0.2812725478584051
láger	552	6769	-2.506560598231512	7321	TRUE	22.591579324129174	láger	0.07539953558257072	47	26	German (n = 47)	18th c (n = 26)	-0.08967210258589463	NA	FALSE	German	18th c	German; 18th c	German/Yiddish (colloquial)	1759	német	FALSE	NA	colloquial	FALSE	0.4663859807448328	FALSE	0.6662007292626557	0.8765067820263741	0.25099533702213533	FALSE	0.8805599077108122	0.45655148076249447
lóden	8	51	-1.8523840910444895	59	TRUE	2.629687098741623	lóden	0.13559322033898308	47	26	German (n = 47)	18th c (n = 26)	-2.1833904977971805	NA	FALSE	German	18th c	German; 18th c	German/Yiddish (colloquial)	1788	német	FALSE	NA	colloquial	FALSE	0.5245042184737231	TRUE	0.5072550780709019	0.9769324293843445	0.4461858840933441	FALSE	0.869193252113037	0.8026637936471748
macesz	117	88	0.28483712031954966	205	TRUE	7.086916836248499	maces	0.5707317073170731	11	40	Yiddish (n = 11)	19th c (n = 40)	-1.6424886483835706	NA	FALSE	Yiddish	19th c	Yiddish	German/Yiddish (colloquial)	1862	jiddis	FALSE	NA	colloquial	FALSE	0.4768215807861958	FALSE	0.4910403442342847	0.7721672469093008	0.24326938990627614	FALSE	0.6906419587501039	0.6488243163624963
macher	14	40	-1.0498221244986778	54	TRUE	3.220305943597653	maher	0.25925925925925924	47	40	German (n = 47)	19th c (n = 40)	-2.221848749616356	NA	FALSE	German	19th c	German; 19th c	German/Yiddish (colloquial)	1878	német	FALSE	NA	colloquial	FALSE	0.13060643029160587	FALSE	0.6322263752114503	0.7050331324791174	0.31705359026446833	FALSE	0.7046748441254383	0.3186225171772606
majszter	2	21	-2.3513752571634776	23	TRUE	1.3513278493843526	majster	0.08695652173913043	47	15	German (n = 47)	17th c (n = 15)	-2.592514673421732	NA	FALSE	German	17th c	German; 17th c	German/Yiddish (colloquial)	1611	német	FALSE	NA	colloquial	FALSE	0.34340890994325635	FALSE	0.8015049497670865	0.349868843189677	0.3257745805036169	FALSE	0.5335367598090573	0.5329564436139338
mater	193	2954	-2.7282252741864395	3147	TRUE	13.459704599977396	mater	0.0613282491261519	15	50	Latin (n = 15)	unknown (n = 50)	-0.45634576652610453	NA	TRUE	Latin	unknown	Latin	French/Latin (educated)	NA	NA	NA	NA	educated	TRUE	0.3138620139855878	FALSE	0.6630433829220432	0.7288203459989574	0.6808236136139201	TRUE	0.3116333593440528	0.33275667276345494
modell	231	523157	-7.725219178681491	523388	TRUE	15.195329774493368	modell	4.4135517054269487e-4	47	26	German (n = 47)	18th c (n = 26)	1.764581251674002	international word	FALSE	German	18th c	German; 18th c	German/Yiddish (colloquial)	1789	nemzetközi	TRUE	international word	colloquial	FALSE	0.4316908331242212	FALSE	0.40578341355356967	0.7673044656572111	1.0245738681407615	TRUE	0.06482905968579121	0.32490477925649114
modern	22	323	-2.686609869864341	345	TRUE	4.5384029624169955	modern	0.06376811594202898	27	26	French (n = 27)	18th c (n = 26)	-1.4164234143660508	NA	TRUE	French	18th c	French	French/Latin (educated)	1799	NA	NA	NA	educated	TRUE	0.40918436436850003	FALSE	0.39187197145224323	0.7875848211647472	0.5270339138070759	TRUE	0.4988559609270488	0.5074668288596289
moped	18	3353	-5.227238988570064	3371	TRUE	4.231298392599425	moped	0.00533966182141797	27	50	French (n = 27)	unknown (n = 50)	-0.426483756918353	NA	TRUE	French	unknown	French	French/Latin (educated)	NA	NA	NA	NA	educated	TRUE	0.3523210304770521	FALSE	0.3708604725677115	0.87690668868089106	0.19260871643339406	FALSE	0.6341123633550151	0.6383273241185856
muter	745	102	1.9884114050952884	847	TRUE	9.471887192601812	muter	0.8795749704840614	47	40	German (n = 47)	19th c (n = 40)	-1.026359099108618	NA	FALSE	German	19th c	German; 19th c	German/Yiddish (colloquial)	1840	német	FALSE	NA	colloquial	FALSE	0.4083883828371732	FALSE	0.658698278474111	0.8450082134014585	0.31168636044961684	FALSE	0.9780513373906499	0.4553605857417069
mutter	222	107	0.7298485474103733	329	TRUE	8.497094085788126	mutter	0.6747720364741642	47	40	German (n = 47)	19th c (n = 40)	-1.4370466114893503	NA	FALSE	German	19th c	German; 19th c	German/Yiddish (colloquial)	1840	NA	NA	NA	colloquial	FALSE	0.2790043028330788	FALSE	0.7797932944241214	0.6073772357993312	0.32617810803275926	FALSE	0.6396868488789631	0.5886835339413665
mágnes	10	15983	-7.376695843374607	15993	TRUE	3.1612888612760757	mágneš	6.252735571812671e-4	15	6	Latin (n = 15)	16th c (n = 6)	0.2496874278053015	NA	TRUE	Latin	16th c	Latin	French/Latin (educated)	1577	latin	FALSE	NA	educated	TRUE	0.23002849459489771	FALSE	0.5592736657011725	0.7063605284358988	0.3921483220678348	FALSE	0.38279258107559505	0.44620190671738635
nonszensz	2	1980	-6.897704943128636	1982	TRUE	1.413499853742037	nonsens	0.00100908173562058	27	50	French (n = 27)	unknown (n = 50)	-0.6571388592900683	NA	TRUE	French	unknown	French	French/Latin (educated)	NA	NA	NA	NA	educated	TRUE	0.28991270776953226	FALSE	0.30429855815584445	0.4931058879722994	0.10470185840249813	FALSE	0.45965488586576236	0.3506578231151787
okker	41	440	-2.373202660207999	481	TRUE	6.124148716776684	okker	0.08523908523908524	47	15	German (n = 47)	17th c (n = 15)	-1.272097433065493	NA	FALSE	German	17th c	German; 17th c	German/Yiddish (colloquial)	1682	német	FALSE	NA	colloquial	FALSE	0.03546895696890389	FALSE	0.6841965279715128	0.7131357140609301	0.47734095119037695	FALSE	0.773412633679322	0.9586647972334745
omlett	9	3760	-6.0349496590477205	3769	TRUE	2.9964160072158346	omlett	0.00238790130007959	27	40	French (n = 27)	19th c (n = 40)	-0.3780163719897199	NA	TRUE	French	19th c	French	French/Latin (educated)	1848	francia	FALSE	NA	educated	TRUE	0.7778866628747914	TRUE	0	0.46088173583288944	0.4871015422266387	FALSE	0.8669298575099288	0.7858022203851529
pajesz	271	14	2.963061491264442	285	TRUE	3.648599827571448	pajes	0.9508771929824562	11	40	Yiddish (n = 11)	19th c (n = 40)	-1.4993976494308143	NA	FALSE	Yiddish	19th c	Yiddish	German/Yiddish (colloquial)	1875	jiddis	FALSE	NA	colloquial	FALSE	0.26645679808767014	FALSE	0.4380875240883004	0.6367390735380657	0.4245581541365169	FALSE	0.6606641377745002	0.509052995696072
pakett	61	889	-2.6792233713405933	950	TRUE	7.555339694198854	pakett	0.06421052631578947	27	50	French (n = 27)	unknown (n = 50)	-0.9765189041504772	NA	TRUE	French	unknown	French	French/Latin (educated)	NA	NA	NA	NA	educated	TRUE	0.6067077008789257	TRUE	0.03867668584606964	0.5103923947214836	0.5464529802126566	TRUE	0.4318432871912637	0.1723719566519219
pamflet	10	1647	-5.104125637183595	1657	TRUE	3.152721042183242	pamflet	0.0060350030175015	47	26	German (n = 47)	18th c (n = 26)	-0.7349200010199881	international word	FALSE	German	18th c	German; 18th c	German/Yiddish (colloquial)	1796	nemzetközi	TRUE	international word	colloquial	FALSE	-0.019043695558533295	FALSE	0.4044089792863485	0.2695384521951296	0.7278551232036875	TRUE	0.3791980244048842	0.3465642773380895
panel	13651	66278	-1.580045238067159	79929	TRUE	106.39341301518884	panel	0.1707890753043326	47	23	German (n = 47)	20th c (n = 23)	0.9484618700612836	international word	FALSE	German	20th c	German; 20th c	German/Yiddish (colloquial)	1953	nemzetközi	TRUE	international word	colloquial	FALSE	0.32758301038338183	FALSE	0.6067824945899147	0.6293262092497284	0.3871608270652733	FALSE	0.42166683056137716	0.6718391693963518
parkett	355	9332	-3.269086843665905	9687	TRUE	18.492979648324823	parkett	0.03664705275110973	47	40	German (n = 47)	19th c (n = 40)	0.03194679029749921	NA	FALSE	German	19th c	German; 19th c	German/Yiddish (colloquial)	1817	német	FALSE	NA	colloquial	FALSE	0.9638570234661116	TRUE	0.09854999868161594	0.09506034190710354	0.37432671086596875	FALSE	0.5376581809032457	0.7363918166588047
plakett	83	6871	-4.416224327234478	6954	TRUE	9.055901232806024	plakett	0.01193557664653436	27	40	French (n = 27)	19th c (n = 40)	-0.11200782309208528	NA	TRUE	French	19th c	French	French/Latin (educated)	1897	francia	FALSE	NA	educated	TRUE	0.7390527269565821	TRUE	0.10038099228656702	0.38713964673432383	0.8656113264897092	TRUE	0.4941944495706164	0.819001289548607
pollen	7	10478	-7.311122950912852	10485	TRUE	2.6448679848206482	pollen	6.676204101096804e-4	15	26	Latin (n = 15)	18th c (n = 26)	0.0663259253620378	NA	TRUE	Latin	18th c	Latin	French/Latin (educated)	1800	NA	NA	NA	educated	TRUE	0.4404606271665369	FALSE	0.5036380682719928	0.4246459449777681	0.3534830159543769	FALSE	0.42827652880115313	0.8580640205459955
pátens	2	616	-5.730099782973574	618	TRUE	1.4119233364778043	pátenš	0.00323624595469255	15	15	Latin (n = 15)	17th c (n = 15)	-1.1632540343505091	NA	TRUE	Latin	17th c	Latin	French/Latin (educated)	1614	latin	FALSE	NA	educated	TRUE	0.8229243196591842	TRUE	0.2561372300809696	0.8183798684528216	0.6324347131182273	TRUE	0.7031230250745902	0.1454410263150553
páter	32	923	-3.3618933317031257	955	TRUE	5.561272218755298	páter	0.03350785340314136	15	6	Latin (n = 15)	16th c (n = 6)	-0.9742391378555784	NA	TRUE	Latin	16th c	Latin	French/Latin (educated)	1585	latin	FALSE	NA	educated	TRUE	0.6467830020757519	TRUE	0.6665334793457572	0.7854416721385511	0.5090322998530928	TRUE	0.8152496396063913	0.13135562997805988
póker	78	4730	-4.104971654796387	4808	TRUE	8.7598292783036	póker	0.01622296173044925	47	40	German (n = 47)	19th c (n = 40)	-0.2722780504446417	international word	FALSE	German	19th c	German; 19th c	German/Yiddish (colloquial)	1873	nemzetközi	TRUE	international word	colloquial	FALSE	0.06041103699280431	FALSE	0.6064115760607371	0.8050925719635829	0.5747785420154267	TRUE	0.5863774253252624	0.4787741123785166
púder	140	4318	-3.4289051884654485	4458	TRUE	11.644887702366123	púder	0.03140421713772992	47	26	German (n = 47)	18th c (n = 26)	-0.30510244529510594	NA	FALSE	German	18th c	German; 18th c	German/Yiddish (colloquial)	1713	német	FALSE	NA	colloquial	FALSE	0.07786465007174043	FALSE	0.6356361758889593	0.8229591275407814	0.44863410765033124	FALSE	0.3828285148044148	0.8833299757077098
roller	372	5646	-2.719808754540288	6018	TRUE	18.681675113459857	roller	0.06181455633100698	47	23	German (n = 47)	20th c (n = 23)	-0.17479032603526315	NA	FALSE	German	20th c	German; 20th c	German/Yiddish (colloquial)	1932	német	FALSE	NA	colloquial	FALSE	0.41564919771009307	FALSE	0.7096081885857765	0.42850204292536115	0.3819828431501798	FALSE	0.5720004110809802	0.6310683685700678
rulett	40	3046	-4.332705079341171	3086	TRUE	6.283432938132655	rulett	0.01296176279974076	27	40	French (n = 27)	19th c (n = 40)	-0.4648465877121954	international word	TRUE	French	19th c	French	French/Latin (educated)	1818	nemzetközi	TRUE	international word	educated	TRUE	0.8704763895047687	TRUE	0.034676085572745166	0.5631765698094336	0.3590905961608708	FALSE	0.6539576635507958	0.2957933226271135
sakter	46	226	-1.591893602783191	272	TRUE	6.182280180911741	šakter	0.1691176470588235	11	26	Yiddish (n = 11)	18th c (n = 26)	-1.519673605405126	NA	FALSE	Yiddish	18th c	Yiddish	German/Yiddish (colloquial)	1782	jiddis	FALSE	NA	colloquial	FALSE	0.24214951920618463	FALSE	0.796189498999781	0.49828347836251635	0.5811164400716463	TRUE	0.6985679096414231	0.4183683309308993
saller	96	3971	-3.722425039663415	4067	TRUE	9.681629833509216	šaller	0.02360462257192033	47	50	German (n = 47)	unknown (n = 50)	-0.3449683370347373	NA	FALSE	German	unknown	NA	German/Yiddish (colloquial)	NA	NA	NA	NA	colloquial	FALSE	0.13185389755437749	FALSE	0.7302275661433673	0.3321742484692825	0.32899011781485277	FALSE	0.796285548798919	0.3495499539897585
samesz	484	188	0.9456429438866824	672	TRUE	11.636355181273984	šames	0.7202380952380952	11	40	Yiddish (n = 11)	19th c (n = 40)	-1.1268732363854996	NA	FALSE	Yiddish	19th c	Yiddish	German/Yiddish (colloquial)	1864	jiddis	FALSE	NA	colloquial	FALSE	0.022611037034999077	FALSE	0.4796816094618496	0.7678175760402143	0.19100088468318843	FALSE	0.7992883763374021	0.3889062164071028
sláger	34	52571	-7.343559391272451	52605	TRUE	5.829067241212422	šláger	6.46326394829389e-4	47	40	German (n = 47)	19th c (n = 40)	0.7667845154978589	NA	FALSE	German	19th c	German; 19th c	German/Yiddish (colloquial)	1854	német (au	FALSE	NA	colloquial	FALSE	0.3320431489905731	FALSE	0.7972976225826319	0.7001885232780595	0.6577120038365944	TRUE	0.6821207213583801	0.48159927733039015
sparherd	11	139	-2.5365786603323213	150	TRUE	3.1927000067863145	šparherd	0.07333333333333333	47	50	German (n = 47)	unknown (n = 50)	-1.7781512503836436	NA	FALSE	German	unknown	NA	German/Yiddish (colloquial)	NA	NA	NA	NA	colloquial	FALSE	0.019075841976977037	FALSE	0.5703424249669307	0	0.35718653713595006	FALSE	0.763009235360488	0.8490025436612414
srapnel	10	320	-3.4657359027997265	330	TRUE	3.113995776646092	šrapnel	0.0303030303030303	47	40	German (n = 47)	19th c (n = 40)	-1.4357285695614377	international word	FALSE	German	19th c	German; 19th c	German/Yiddish (colloquial)	1848	nemzetközi	TRUE	international word	colloquial	FALSE	-0.1342831806998844	FALSE	0.8840935575622414	0.46222409666127806	0.40996306170269203	FALSE	0.7684632178054306	0.6291343887726282
stukker	113	510	-1.507022907006031	623	TRUE	9.617900646247678	štukker	0.1813804173354735	47	50	German (n = 47)	unknown (n = 50)	-1.1597544627801553	NA	FALSE	German	unknown	NA	German/Yiddish (colloquial)	NA	NA	NA	NA	colloquial	FALSE	-0.12059379013322788	FALSE	0.9206457740690984	0.5322256304889342	0.2422284555523195	FALSE	0.8089956829175778	0.4379909298132519
suszter	178	747	-1.434281634840732	925	TRUE	11.989454826097266	šuster	0.1924324324324325	47	15	German (n = 47)	17th c (n = 15)	-0.9881007767002924	NA	FALSE	German	17th c	German; 17th c	German/Yiddish (colloquial)	1608	német (baj	FALSE	NA	colloquial	FALSE	0.05831665860769661	FALSE	0.8262043537521226	0.5504902713614507	0.2134405109513679	FALSE	0.9333791740879349	0.32391500086902614
szlogen	25	31893	-7.151266004088514	31918	TRUE	4.9980414736766905	slogen	7.832570963092926e-4	27	50	French (n = 27)	unknown (n = 50)	0.5497931609531396	NA	TRUE	French	unknown	French	French/Latin (educated)	NA	NA	NA	NA	educated	TRUE	0.27809927396531975	FALSE	0.5831301510964635	0.7877515695793789	0.3217996721927818	FALSE	0.39153962821020977	0.1333796987823315
szonett	20	4499	-5.4158781552871815	4519	TRUE	4.4622286855089754	sonett	0.00442575791104226	27	26	French (n = 27)	18th c (n = 26)	-0.29920016810812317	international word	TRUE	French	18th c	French	French/Latin (educated)	1789	nemzetközi	TRUE	international word	educated	TRUE	1.2273492756356101	TRUE	0.013936266244520752	0.6328580480269287	0.7161729954591591	TRUE	0.5068615594498531	0.3016584250524951
szubrett	1	425	-6.052089168924417	426	TRUE	0.9988256014738632	subrett	0.00234741784037558	27	50	French (n = 27)	unknown (n = 50)	-1.324832910336606	NA	TRUE	French	unknown	French	French/Latin (educated)	NA	NA	NA	NA	educated	TRUE	0.5407396702535333	TRUE	0.052490087560514896	0.39116201947219775	0.5570910209744142	TRUE	0.7950364056756498	0.4977035796955562
sábesz	10	102	-2.3223877202902252	112	TRUE	3.017804310611087	šábes	0.0892857142857143	11	50	Yiddish (n = 11)	unknown (n = 50)	-1.9050244867691433	NA	FALSE	Yiddish	unknown	Yiddish	German/Yiddish (colloquial)	NA	NA	NA	NA	colloquial	FALSE	0.23928474494435756	FALSE	0.4783285964664615	0.9368158794749419	0.34836235262620135	FALSE	0.7278968023127821	0.647765061868374
sóder	373	1294	-1.2439150554170304	1667	TRUE	17.01585414081737	šóder	0.22375524895020996	47	26	German (n = 47)	18th c (n = 26)	-0.7323069096113195	NA	FALSE	German	18th c	German; 18th c	German/Yiddish (colloquial)	1781	német (baj	FALSE	NA	colloquial	FALSE	-0.12420350650593545	FALSE	0.672149933731462	0.8919828347420091	0.3407970241640783	FALSE	0.7512496813905623	0.9958193485105694
sólet	86	1280	-2.700268060660155	1366	TRUE	8.97695112704393	šólet	0.0629575402635432	11	40	Yiddish (n = 11)	19th c (n = 40)	-0.8187918100938111	NA	FALSE	Yiddish	19th c	Yiddish	German/Yiddish (colloquial)	1870	jiddis	FALSE	NA	colloquial	FALSE	0.3136122010101048	FALSE	0.31579668332113525	0.7369586458395415	0.381200380189242	FALSE	0.7744422843054033	0.6952569029534513
tandem	20	2024	-4.617098756853365	2044	TRUE	4.450202836248853	tandem	0.00978473581213307	27	50	French (n = 27)	unknown (n = 50)	-0.6437616179766498	NA	TRUE	French	unknown	French	French/Latin (educated)	NA	NA	NA	NA	educated	TRUE	0.07834992406729424	FALSE	0.6122665375039046	0.5101963923794045	0.5773392838516771	TRUE	0.3417742805270758	0.44424461393146236
tróger	79	756	-2.258593523712511	835	TRUE	8.457289666494463	tróger	0.0946107784431138	47	15	German (n = 47)	17th c (n = 15)	-1.0325560339557227	NA	FALSE	German	17th c	German; 17th c	German/Yiddish (colloquial)	1623	német (baj	FALSE	NA	colloquial	FALSE	0.24546244851074436	FALSE	0.7844211881046158	0.7220431161593772	0.24634876332636277	FALSE	0.9182173667395481	0.35646288713739444
valcer	16	225	-2.643511679964639	241	TRUE	3.864939758404985	valcer	0.06639004149377592	47	26	German (n = 47)	18th c (n = 26)	-1.5722254668644564	NA	FALSE	German	18th c	German; 18th c	German/Yiddish (colloquial)	1793	német (au	FALSE	NA	colloquial	FALSE	0.4052291791603715	FALSE	0.7428798328662651	0.40004379509453586	0.5049561111047215	TRUE	0.7821265259634668	0.41350710659360934
vamzer	9	107	-2.4756042571256867	116	TRUE	2.8812712711459563	vamzer	0.07758620689655173	47	50	German (n = 47)	unknown (n = 50)	-1.8897845202124064	NA	FALSE	German	unknown	NA	German/Yiddish (colloquial)	NA	NA	NA	NA	colloquial	FALSE	0.10876300187873356	FALSE	0.7360869433785963	0.47294306360005006	0.14514880027908283	FALSE	0.8697900484050524	0.2863869219655775
vátesz	1	737	-6.602587892189336	738	TRUE	0.9993222635615924	vátes	0.0013550135501355	15	50	Latin (n = 15)	unknown (n = 50)	-1.0861861476162833	NA	TRUE	Latin	unknown	Latin	French/Latin (educated)	NA	NA	NA	NA	educated	TRUE	0.4795054384429559	FALSE	0.515523311017197	0.9134307154035639	0.509033455231215	TRUE	0.8362120242560787	0.15324425440693387
zsakett	67	413	-1.8187549735700668	480	TRUE	7.592622515749526	žakett	0.13958333333333334	27	40	French (n = 27)	19th c (n = 40)	-1.2730012720637376	international word	TRUE	French	19th c	French	French/Latin (educated)	1858	nemzetközi	TRUE	international word	educated	TRUE	0.736198596987878	TRUE	0.04623030256109768	0.5652081222107883	0.30790876895602426	FALSE	0.7496205634094759	0.729109427838359
zsorzsett	1	58	-4.060443010546419	59	TRUE	0.9914892069294688	žoržett	0.01694915254237288	27	50	French (n = 27)	unknown (n = 50)	-2.1833904977971805	NA	TRUE	French	unknown	French	French/Latin (educated)	NA	NA	NA	NA	educated	TRUE	0.657001596698706	TRUE	0.05338128406765941	0.23498853921403998	0.3015534014144261	FALSE	0.80188299220143	0.7949837812046302
zsáner	19	6539	-5.841100548394835	6558	TRUE	4.35258000839625	žáner	0.00289722476364745	27	50	French (n = 27)	unknown (n = 50)	-0.13747109710597843	NA	TRUE	French	unknown	French	French/Latin (educated)	NA	NA	NA	NA	educated	TRUE	0.313090944682758	FALSE	0.6574647850209746	0.8116426964287158	0.7113855436461309	TRUE	0.5839306098169927	0.3832727021989922
ágens	7	7110	-6.923347373741973	7117	TRUE	2.644449862745976	ágenš	9.835604889700718e-4	15	15	Latin (n = 15)	17th c (n = 15)	-0.10194554361239944	NA	TRUE	Latin	17th c	Latin	French/Latin (educated)	1616	latin	FALSE	NA	educated	TRUE	0.6570614220821438	TRUE	0.21210535120211294	0.9377650573939014	0.551311793586784	TRUE	0.2465137727269551	0.15463707678966906
ájer	15	67	-1.496642418288756	82	TRUE	3.5008709717691127	ájer	0.18292682926829268	15	6	Latin (n = 15)	16th c (n = 6)	-2.040428657055608	NA	TRUE	Latin	16th c	Latin	French/Latin (educated)	1565	latin	FALSE	NA	educated	TRUE	0.3910091184430887	FALSE	0.6222490218865078	0.831756539734238	0.2479779900004515	FALSE	0.7863570349266035	0.6327089463672735
ámen	1	445	-6.09807428216624	446	TRUE	0.998878294655376	ámen	0.00224215246636771	15	2	Latin (n = 15)	before 16th c (n = 2)	-1.304907650727183	NA	TRUE	Latin	before 16th c	Latin	French/Latin (educated)	1200	latin	FALSE	NA	educated	TRUE	0.7612725523014531	TRUE	0.43895720734981125	1	0.5220268794965894	TRUE	0.7827546801135531	0.49010121129687884
