stem	back	front	log_odds_back	stem_freq	stem_varies	sd_back	transcribed	p_back	borrowing_language	borrowing_period	borrowing_label	borrowing_category	first_mention	borrowing_original	international	note	predicted_loo_phon	phonological_x	phonological_y	predicted_loo_sem	semantic_x	semantic_y
azbeszt	30	3407	-4.732390035998812	3437	TRUE	5.453269086520222	azbest	0.00872854233343031	German	17th c	German; 17th c	German/Yiddish	1655	nemzetközi	TRUE	international word	-2.708464893253435	0.14433690487967646	0.5015997286116106	-4.535585944657923	0.5282328205386779	0.6590266267310781
bagett	24	4529	-5.240202613208268	4553	TRUE	4.886050553012019	bagett	0.00527124972545574	French	20th c	French	French/Latin	1983	NA	NA	NA	-3.0068841599844593	0.027687149392688955	0.5443320749173909	-4.158840189737308	0.6470371596202781	0.6525521939000156
bagger	6	47	-2.0583881324820035	53	TRUE	2.306676118786756	bagger	0.11320754716981134	NA	19th c	NA	NA	1893	NA	NA	NA	-1.5093800196105085	0.7561181634650638	0.44376795446896145	-1.8615383050892786	0.9666356119939317	0.39901630049091086
bakter	366	268	0.3116463528905096	634	TRUE	12.438365397187171	bakter	0.5772870662460569	German	17th c	German; 17th c	German/Yiddish	1638	német (baj	FALSE	NA	-1.739246858561289	0.7734822366778934	0.440086658514434	-0.9010369927788255	0.8667839992438199	0.034991757342712315
balek	5215	225	3.1431939652304526	5440	TRUE	14.686522182720095	balek	0.9586397058823528	NA	18th c	NA	NA	1782	oszmán-török, esetleg bolgár jövevényszó	FALSE	NA	-0.008956633036700357	0.39864675043352804	0.5959995813517478	-3.006908939255269	0.6552941155583816	0.21710941798453887
balett	2755	14133	-1.635095045781136	16888	TRUE	48.016319836385144	balett	0.16313358597820937	French	18th c	French	French/Latin	1791	nemzetközi	TRUE	international word	-2.9062607174349084	0.02029316076850541	0.40041767120420013	-5.020267902480549	0.7194946930475125	0.3700846473317421
bankett	107	5232	-3.889720058675128	5339	TRUE	10.23990190063518	bankett	0.02004120621839296	French	17th c	French	French/Latin	1649	nemzetközi	TRUE	international word	-3.402632102185999	0.10242141795488877	0.18651697136273332	-3.0049438208609844	0.48425655138846097	0.481679945476685
barrel	2	81	-3.7013019741124937	83	TRUE	1.3970709462713993	barrel	0.02409638554216866	English	NA	NA	NA	NA	NA	NA	NA	-2.672514858766723	0.6825929106949417	0.2984902718735718	-4.406982289141204	0.37295094604405216	0.3723518150675984
barter	45	564	-2.528391761727739	609	TRUE	6.455608170210661	barter	0.07389162561576355	French	20th c	French	French/Latin	1988	NA	NA	NA	-1.9318041476432115	0.737434176474851	0.3466860585191833	-3.2969169315049487	0.49688672844283055	0.819821895717786
bojler	312	915	-1.075920877466039	1227	TRUE	15.253361487712032	bojler	0.254278728606357	NA	20th c	NA	NA	1914	NA	NA	NA	-4.0291240675971345	0.6916274893665632	0.42333652050995974	-3.674378657825626	0.5865568162691324	0.7072914417753863
bovden	13	531	-3.709812663780402	544	TRUE	3.5622097404973387	bovden	0.02389705882352941	English	20th c	English; 20th c	NA	1990	NA	NA	NA	-4.567213629627019	0.5743416300521333	0.6065507733844552	-2.8047359790180346	0.5215433304503347	0.6802970079921807
brojler	1	255	-5.541263545158426	256	TRUE	0.998044963916957	brojler	0.00390625	English	20th c	English; 20th c	NA	1994	NA	NA	NA	-2.352457304721571	0.8071887511318839	0.33768078643857113	-3.9095158286989307	0.49596525499025745	0.15952657489297545
bróker	28	8545	-5.720897085374487	8573	TRUE	5.282854351498676	bróker	0.00326606788755394	English	20th c	English; 20th c	NA	1991	NA	NA	NA	-2.644678878135398	0.7574432436479425	0.6145835268297152	-3.2159071686239447	0.5526093956602888	0.23015223435946436
bukfenc	3	3841	-7.154875739677795	3844	TRUE	1.7313747973404732	bukfenc	7.804370447450573e-4	NA	16th c	NA	NA	1574	belső keletkezésű, de kialakulásmódja bizonytalan	FALSE	NA	-3.7240569587050056	0.20815883919026282	0.4420600305740832	-3.529341851582677	0.631138221520175	0.5062900919239055
bunker	1217	8567	-1.9515287989765169	9784	TRUE	32.643855785175	bunker	0.12438675388389206	German	20th c	German; 20th c	German/Yiddish	1906	német	FALSE	NA	-3.708155268812117	0.7309564760960792	0.48374355667093777	-3.0228648977140917	0.636884943470817	0.45497431902194324
burleszk	3	1191	-5.983936280687191	1194	TRUE	1.729873495824995	burlesk	0.00251256281407035	English	18th c	English; 18th c	NA	1788	nemzetközi	TRUE	international word	-1.0098808943956064	0.2958070052109304	0.2809137186996475	-4.220043998610471	0.4816508469402402	0.447672296790331
charter	3	1950	-6.476972362889683	1953	TRUE	1.7307199961487487	harter	0.00153609831029185	English	20th c	English; 20th c	NA	1994	NA	NA	NA	-1.8397434184790296	0.7613279653139954	0.3669289648221453	-3.3796469940247422	0.21568299360979049	0.6314264464610931
codec	1	353	-5.8664680569332965	354	TRUE	0.9985865717317342	kodek	0.00282485875706214	English	20th c	English; 20th c	NA	2000	NA	NA	NA	-1.8663970149263482	0.4192767587710812	0.8152224689115692	-4.732199147875926	0.5210954896413795	0.4506581631758385
docens	6	29878	-8.513118233374207	29884	TRUE	2.449243830652437	docenš	2.0077633516262888e-4	German	19th c	German; 19th c	German/Yiddish	1846	német	FALSE	NA	-6.307909366425825	0.24915313489628813	0.8256313637933984	-2.7848885137971804	0.7038305040238041	0.6511159278470436
dodzsem	3	653	-5.382964840608321	656	TRUE	1.728085787165926	dodžem	0.00457317073170731	English	20th c	English; 20th c	NA	1964	NA	NA	NA	-5.965209180548607	0.5639563849652212	0.6550105132913467	-1.504658440729627	0.528424438139526	0.8152690949885371
doppler	6	348	-4.060443010546419	354	TRUE	2.428642642453962	doppler	0.01694915254237288	German	19th c	German; 19th c	German/Yiddish	1900	NA	NA	NA	-3.188963217979119	0.8211417169073113	0.48718623149378437	-2.6288921493699204	0.7606712964972722	0.333617966347602
drukker	27	18506	-6.530013416804646	18533	TRUE	5.192366007915616	drukker	0.0014568607349053	German	19th c	German; 19th c	German/Yiddish	1872	a szócsalád drukkol és drukk tagja német jövevényszó	FALSE	NA	-2.9153148339837744	0.9200117731799188	0.4897192771223339	-3.825260983251877	0.642811316859009	0.27182651433397964
duett	20	11632	-6.3657829262193095	11652	TRUE	4.468296222210412	duett	0.00171644352900789	NA	18th c	NA	NA	1799	NA	NA	NA	-4.191314310335385	0.08025928668240748	0.6683819872986596	-4.79951939966143	0.7358542991901036	0.5113900375849129
dzsungel	505	19590	-3.658216081663227	20095	TRUE	22.18803804074476	džungel	0.0251306295098283	English	19th c	English; 19th c	NA	1872	nemzetközi	TRUE	international word	-2.4513426058177776	0.8795362134198162	0.5000194922101643	-2.8998234061473727	0.7339058477578723	0.5445430932663372
dózer	130	788	-1.8019636394022969	918	TRUE	10.563636397725697	dózer	0.14161220043572983	English	20th c	English; 20th c	NA	1962	NA	NA	NA	-2.4036678799523448	0.6630403282632809	0.8154580855285178	-2.3079598979719247	0.6630536672102968	0.6061245234673133
falzett	31	212	-1.9225990701868665	243	TRUE	5.20050646473129	falzett	0.12757201646090532	NA	19th c	NA	NA	1834	NA	NA	NA	-2.4418080447158577	0.08437822151018001	0.11673763169476493	-3.3676034985255647	0.7689728234741988	0.5924533549641412
farmer	7287	20249	-1.0220134709289872	27536	TRUE	73.20247222109023	farmer	0.2646353864032539	English	18th c	English; 18th c	NA	1793	NA	NA	NA	-0.8468342167240178	0.732073647387314	0.3693284052736739	-2.447890396401791	1	0.49240553401274406
fater	5385	190	3.344348517430003	5575	TRUE	13.54712750649119	fater	0.9659192825112108	German	17th c	German; 17th c	German/Yiddish	1628	német	FALSE	NA	0.6285376211560507	0.6945526405336868	0.6667595922885855	-0.37416778810513884	0.8511455633272347	0.8474921588998836
flanel	73	159	-0.7784447610718404	232	TRUE	7.07320100193633	flanel	0.3146551724137931	German	17th c	German; 17th c	German/Yiddish	1697	német	FALSE	NA	-1.5669285760794143	0.7494972108772406	0.5673815150776134	-1.8288994653941453	0.7901390577398312	0.7923473055320279
flaszter	194	922	-1.5586870644932656	1116	TRUE	12.660015231550174	flaster	0.1738351254480287	German	18th c	German; 18th c	German/Yiddish	1795	német	FALSE	NA	-2.7324426688678805	0.9168810462413961	0.31724390836832295	-1.3927064614500486	0.6471353313614925	0.6685431468330113
flóbert	5	50	-2.3025850929940455	55	TRUE	2.1320071635561044	flóbert	0.09090909090909093	French	19th c	French	French/Latin	1900	NA	NA	NA	-3.2595240849942813	0.4102766098820768	0.4960436213969686	-2.96485125364012	0.6502221854695713	0.7752134426806192
fotel	11597	25177	-0.7751844353673116	36774	TRUE	89.10547356389542	fotel	0.3153586773263719	French	19th c	French	French/Latin	1848	nemzetközi	TRUE	international word	-2.719080402082657	0.6547455889761231	0.749087573522353	-2.57071764806129	0.9880707959450966	0.28572563454921296
fráter	34	997	-3.378390245345677	1031	TRUE	5.73400021685611	fráter	0.03297769156159069	Latin	before 16th c	Latin	French/Latin	1372	latin	FALSE	NA	-3.1640102200181546	0.8224278433447579	0.6169225202500569	-2.266701121195621	0.8388885695135834	0.5225029332431294
fuser	5	19	-1.3350010667323402	24	TRUE	1.9895560643855537	fušer	0.20833333333333331	German	16th c	German; 16th c	German/Yiddish	1564	német (k	FALSE	NA	0.9058591453081508	0.6647019057551271	0.7496876754843926	-0.7595808360759266	0.7018963866090903	0.7940263438372022
gatyesz	22	9	0.8938178760220965	31	TRUE	2.527270617522696	gaṯes	0.7096774193548386	NA	NA	NA	NA	NA	NA	NA	NA	0.4630297158939177	0.5186389077518815	0.7134313692343558	-1.1430661039894248	0.6387224225446722	0.6412995414653196
gukker	18	52	-1.0608719606852628	70	TRUE	3.656696401320264	gukker	0.2571428571428571	German	19th c	German; 19th c	German/Yiddish	1900	NA	NA	NA	-2.59721616106855	0.7630817838402009	0.5392445784925493	-2.5388814976212277	0.6024964849191615	0.47859568520813733
gólem	1	1736	-7.459338895220296	1737	TRUE	0.999712105939046	gólem	5.757052389176739e-4	Yiddish	NA	Yiddish	German/Yiddish	NA	NA	NA	NA	-2.042855278427348	0.45072850972590567	0.7958502684973751	-3.3010528501421863	0.31775300560410125	0.3983090211598896
hardver	116	33523	-5.6663968582915585	33639	TRUE	10.751743491594286	hardver	0.00344837837034394	English	20th c	English; 20th c	NA	1990	NA	NA	NA	-3.290817122556463	0.841850136958675	0.3094036927253411	-4.313984514611009	0.7058349188378987	0.37692602975650047
haver	71848	634	4.7302591009135595	72482	TRUE	25.06899284918201	haver	0.9912530007450124	Yiddish	19th c	Yiddish	German/Yiddish	1862	jiddis	FALSE	NA	-1.244256539079247	0.6624768319156172	0.6711919289817914	-1.2886581431343318	0.6822324199925313	0.35157850577189936
hotel	7618	139392	-2.9067762398140284	147010	TRUE	84.98963616759963	hotel	0.05181960410856404	English	NA	NA	NA	NA	NA	NA	NA	-2.98220133611788	0.6603721028172943	0.766838994839073	-3.805512291388493	0.7846285875250028	0.38945001566991766
jampec	183	281	-0.4288685164923248	464	TRUE	10.527365816503329	jampec	0.3943965517241379	Yiddish	20th c	Yiddish	German/Yiddish	1921	jiddis	FALSE	NA	-1.80873726201922	0.4600211318016787	0.45511969702405375	-3.09323956299365	0.7349450191314518	0.1544603745273036
junker	25	218	-2.1656192379208883	243	TRUE	4.7358192046460825	junker	0.10288065843621398	German	NA	NA	German/Yiddish	NA	NA	NA	NA	-3.2529802958901084	0.7608979513411426	0.5101946969059585	-3.2805734789721948	0.7269373676680632	0.21081192302568105
kadet	158	416	-0.9680902272342964	574	TRUE	10.700874300794013	kadet	0.27526132404181186	German	18th c	German; 18th c	German/Yiddish	1732	NA	NA	NA	-0.36727215281600223	0.35648687018075426	0.6649660314310563	-2.3577644235466098	0.8882867252497909	0.4514755233886895
kampec	41	30	0.31237468504215243	71	TRUE	4.162204183118823	kampec	0.5774647887323944	German	19th c	German; 19th c	German/Yiddish	1848	bizonytalan eredetű, esetleg német jövevényszó	FALSE	NA	-1.120923928930502	0.4419940255565292	0.4310942937965282	-0.6430037464048459	0.8118990732088726	0.6468713393549156
karcer	36	93	-0.949080554697146	129	TRUE	5.094456631682423	karcer	0.27906976744186046	Latin	17th c	Latin	French/Latin	1647	latin	FALSE	NA	-2.680262119250855	0.7333791964947248	0.34897049133660024	-2.4022607692174773	0.42790887986921305	0.34614520107172786
kartell	141	5169	-3.601674634817871	5310	TRUE	11.715627691395362	kartell	0.02655367231638417	German	19th c	German; 19th c	German/Yiddish	1807	német	FALSE	NA	-3.5549237951225585	0.5538736297279645	0.20855997990219519	-6.593167444306587	0.4950450675639596	0.7434708401326335
karter	113	232	-0.7193495529539694	345	TRUE	8.717132888576463	karter	0.32753623188405795	NA	NA	NA	NA	NA	NA	NA	NA	-2.5134628160580066	0.7387267278714567	0.3524182491226986	-3.0049545514904823	0.664401173583447	0.6618525365779333
klapec	18	9	0.6931471805599453	27	TRUE	2.4494897427831783	klapec	0.6666666666666666	NA	18th c	NA	NA	1774	szlovák	FALSE	NA	0.10494035435694593	0.44434208872712294	0.5747133940044175	-2.4309320762899542	0.29012298151495236	0.36670512919790865
klaszter	77	20087	-5.564022696780865	20164	TRUE	8.758193941608374	klaster	0.00381868676849831	English	NA	NA	NA	NA	NA	NA	NA	-1.4491672076714694	0.8902366301496444	0.3208285333353819	-5.1074913853988395	0.6223590763879151	0.5319943766739541
klozet	388	185	0.7406495145449485	573	TRUE	11.192430750654768	klozet	0.6771378708551483	English	NA	NA	NA	NA	NA	NA	NA	-3.568708230625518	0.4114372925305394	0.5833779838387869	-0.8178419545962661	0.7423012338105944	0.6705966752414818
koffer	668	2175	-1.180495769986139	2843	TRUE	22.60629715636893	koffer	0.23496306718255364	German	18th c	German; 18th c	German/Yiddish	1757	német	FALSE	NA	-3.687159330029031	0.7455810478838409	0.48271190978120665	-1.6959469050759681	0.7761425803788201	0.5581012872631268
kolesz	2920	320	2.211017899468555	3240	TRUE	16.982198377371375	koles	0.9012345679012346	NA	NA	NA	NA	NA	NA	NA	NA	-2.3217065125668817	0.42214646926966853	0.6744632509809718	-0.6515910894375279	0.6812323105222678	0.3305902464768231
koncert	69	510521	-8.909080547284567	510590	TRUE	8.306062574593154	koncert	1.3513778178186032e-4	French	18th c	French	French/Latin	1753	nemzetközi	TRUE	international word	-4.5030342079477705	0.41792234899505454	0.2991653452100149	-4.847196432997956	0.4100516021662789	0.16197800739719784
konszern	3	6888	-7.738923757439457	6891	TRUE	1.7316737419700765	konsern	4.3535045711798017e-4	English	NA	NA	NA	NA	NA	NA	NA	-5.224631178012226	0.530378961197917	0.36253786009044975	-4.841136589808803	0.493408911502239	0.5608063884750384
konzerv	70	16657	-5.472090585427749	16727	TRUE	8.349075424333094	konzerv	0.00418485083995934	English	19th c	English; 19th c	NA	1872	a szócsalád időrendben legkorábbi tagja, a konzervál latin jövevényszó	FALSE	NA	-4.232515966594989	0.5547707766278952	0.35150157439557467	-2.391448956294559	0.594492819442011	0.5698095300566874
kopek	22	144	-1.8787708462176849	166	TRUE	4.368562389321868	kopek	0.1325301204819277	NA	18th c	NA	NA	1757	vándorszó	FALSE	NA	-1.6734886829614457	0.39796990411261957	0.807925148916368	-2.8570297509191613	0.6284416082477504	0.5051572999210951
korner	48	620	-2.5585184671312464	668	TRUE	6.674645923462369	korner	0.0718562874251497	English	NA	NA	NA	NA	NA	NA	NA	-3.795523184268017	0.711521164544612	0.419964283453885	-2.3877042414139296	0.614347814089169	0.5151844116105633
kornett	8	71	-2.1832383353614793	79	TRUE	2.681393931842451	kornett	0.10126582278481014	French	NA	French	French/Latin	NA	NA	NA	NA	-4.242032143150221	0.06570366255120616	0.23039860366562645	-4.092993277910013	0.4377679340282977	0.2585654630156271
korvett	4	622	-5.0466457316192885	626	TRUE	1.9935999835896592	korvett	0.00638977635782747	French	19th c	French	French/Latin	1806	nemzetközi	TRUE	international word	-3.2103150438743926	0.04267059681880396	0.22275374036532453	-4.681804174901669	0.7442547984141372	0.37175327527807334
krapek	436	39	2.414080597219388	475	TRUE	5.9831341901082356	krapek	0.9178947368421052	NA	19th c	NA	NA	1862	szlovák	FALSE	NA	-0.17424269088788114	0.5252678406973105	0.6205354487484399	-1.4901236902712487	0.7897663282785449	0.6646105368680265
krokett	47	1584	-3.5175609706643125	1631	TRUE	6.756153949281257	krokett	0.02881667688534641	French	NA	French	French/Latin	NA	NA	NA	NA	-3.9882558507554733	0.07295787598200226	0.4540227826510326	-3.2472074574835736	0.5156380059969103	0.7919008804473326
kráter	87	9093	-4.649352047071329	9180	TRUE	9.283075470773596	kráter	0.00947712418300653	Latin	17th c	Latin	French/Latin	1636	latin	FALSE	NA	-3.262809926545412	0.79915919628639	0.6148480776029787	-4.2843217180586475	0.6078616980367592	0.7395505577384314
kukker	53	236	-1.493539891473488	289	TRUE	6.578774720007442	kukker	0.18339100346020765	German	19th c	German; 19th c	German/Yiddish	1803	német	FALSE	NA	-1.878736886412974	0.7592726442040715	0.5155320297879137	-2.6703346497233724	0.9241502089598653	0.48045027458681955
kupec	72	662	-2.218599436920953	734	TRUE	8.058370164014091	kupec	0.09809264305177112	NA	17th c	NA	NA	1632	szlovák	FALSE	NA	-1.8271151537003838	0.3529868133213615	0.7866736433529017	-1.0296742997385715	0.5630227369338968	0.49290769027783854
kábel	658	94028	-4.962142957912092	94686	TRUE	25.562225459975014	kábel	0.00694928500517499	German	19th c	German; 19th c	German/Yiddish	1867	nemzetközi	TRUE	international word	-2.5110458172936116	0.6359533684402101	0.8083443854780253	-4.215051939135188	0.5128985519555053	0.28689100639071247
káder	52	3884	-4.313377110829788	3936	TRUE	7.163309858583621	káder	0.01321138211382114	German	19th c	German; 19th c	German/Yiddish	1885	német	FALSE	NA	-3.332652933394833	0.6781519149816458	0.7894237982094956	-3.5179082059871565	0.45956876252902984	0.025757040406991602
kódex	19	48210	-7.838882768233227	48229	TRUE	4.358040256461757	kódekš	3.939538451968734e-4	Latin	16th c	Latin	French/Latin	1559	latin	FALSE	NA	-4.231389334742781	0.22733739470174552	0.8419225252780972	-4.920690332493196	0.6210741846499004	0
kókler	29	2218	-4.337065337923838	2247	TRUE	5.350301223900468	kókler	0.01290609701824655	German	17th c	German; 17th c	German/Yiddish	1629	német	FALSE	NA	-2.3128170752351167	0.7168511569231364	0.5506768013487416	-2.3423889299975578	0.7094940682477974	0.355450836053808
kóter	222	254	-0.13465688514625712	476	TRUE	10.884033483683776	kóter	0.4663865546218487	German	18th c	German; 18th c	German/Yiddish	1720	német (baj	FALSE	NA	-3.031511124399134	0.6897526315628071	0.7908589330659945	-1.6595101465758657	0.6187205366266652	0.8142835143626276
lasztex	1	19	-2.9444389791664407	20	TRUE	0.9746794344808964	lastekš	0.04999999999999999	NA	NA	NA	NA	NA	NA	NA	NA	-2.6229907622296684	0.40244422217427195	0.33094526340488295	-3.443491113976524	0.5158071778934757	1
latex	125	2639	-3.049841599201023	2764	TRUE	10.924603467686776	latekš	0.04522431259044863	Latin	NA	Latin	French/Latin	NA	NA	NA	NA	-1.3840368058945902	0.3076957388840344	0.6762909408572271	-4.280294837908692	0.5083093391740845	0.7901550827372991
luesz	1	22	-3.0910424533583156	23	TRUE	0.9780192938436516	lues	0.04347826086956522	NA	NA	NA	NA	NA	NA	NA	NA	-1.8428570490272187	0.4804882315051	0.8275664328934509	-3.7240566035769858	0.3341933973206241	0.780296887121857
lumen	2	1760	-6.779921907472252	1762	TRUE	1.4134107161191358	lumen	0.00113507377979568	French	NA	French	French/Latin	NA	NA	NA	NA	-4.3013255872573355	0.49594934504185934	0.8783289976243146	-4.268346286473783	0.5853684358894221	0.571640099182244
lumpen	1	414	-6.025865973825314	415	TRUE	0.9987944540523755	lumpen	0.00240963855421686	German	NA	NA	German/Yiddish	NA	NA	NA	NA	-3.965250552757601	0.5957868085454328	0.6413813716789741	-1.5156656138164761	0.7658672476194147	0.2812725478584051
láger	552	6769	-2.506560598231512	7321	TRUE	22.591579324129174	láger	0.07539953558257072	German	18th c	German; 18th c	German/Yiddish	1759	német	FALSE	NA	-5.461513322645928	0.6775361432480178	0.8167137937127895	-3.410707525541303	0.8805599077108122	0.45655148076249447
lóden	8	51	-1.8523840910444895	59	TRUE	2.629687098741623	lóden	0.13559322033898308	German	18th c	German; 18th c	German/Yiddish	1788	német	FALSE	NA	-5.926352892924001	0.5232519867044634	0.9258229176016055	-2.400605060161962	0.869193252113037	0.8026637936471748
macesz	117	88	0.28483712031954966	205	TRUE	7.086916836248499	maces	0.5707317073170731	Yiddish	19th c	Yiddish	German/Yiddish	1862	jiddis	FALSE	NA	1.1137856881595622	0.5144763406722335	0.7320883312398906	-2.362389972149277	0.6906419587501039	0.6488243163624963
macher	14	40	-1.0498221244986778	54	TRUE	3.220305943597653	maher	0.25925925925925924	German	19th c	German; 19th c	German/Yiddish	1878	német	FALSE	NA	1.963393966876609	0.6528191328912557	0.6693041719233541	-4.156413635175824	0.7046748441254383	0.3186225171772606
majszter	2	21	-2.3513752571634776	23	TRUE	1.3513278493843526	majster	0.08695652173913043	German	17th c	German; 17th c	German/Yiddish	1611	német	FALSE	NA	-1.3815649064284234	0.8159346513215394	0.32778912703903296	-1.5937074494838672	0.5335367598090573	0.5329564436139338
makett	345	17752	-3.94070904758107	18097	TRUE	18.396275248789667	makett	0.01906393324860474	English	20th c	English; 20th c	NA	1902	nemzetközi	TRUE	international word	-2.9702881350543713	0.03446045148048316	0.5598108127442555	-5.295676562243676	0.6122303246197889	0.8065779901471539
malter	667	222	1.1001126640433443	889	TRUE	12.905906775437668	malter	0.750281214848144	NA	NA	NA	NA	NA	NA	NA	NA	-1.354881662995427	0.7439035307225748	0.38889536198153535	-2.116664520945836	0.7914740984403565	0.5034868569874662
maszek	2084	80	3.260017768199376	2164	TRUE	8.777386505288252	masek	0.9630314232902034	NA	20th c	NA	NA	1951	szórövidítéssel keletkezett szóösszevonás eredménye	FALSE	NA	-0.008913491579441324	0.44037877319283875	0.6941953028671982	-1.2110165500504837	0.7609468771085038	0.11728284745425446
matek	18299	276	4.194200826810537	18575	TRUE	16.489360328335525	matek	0.9851413189771197	NA	NA	NA	NA	NA	NA	NA	NA	0.492656593683797	0.4765921433784122	0.7427317419446346	-1.5022058713248647	0.7787301137574539	0.3303210369131725
mater	193	2954	-2.7282252741864395	3147	TRUE	13.459704599977396	mater	0.0613282491261519	Latin	NA	Latin	French/Latin	NA	NA	NA	NA	0.7800931222443279	0.6865260220323801	0.6897983715988711	-2.5375333802736315	0.3116333593440528	0.33275667276345494
modell	231	523157	-7.725219178681491	523388	TRUE	15.195329774493368	modell	4.4135517054269487e-4	German	18th c	German; 18th c	German/Yiddish	1789	nemzetközi	TRUE	international word	-3.194072720590161	0.4322904198040981	0.7199278248512985	-6.839798336395873	0.06482905968579121	0.32490477925649114
modem	89	21524	-5.4882875008771705	21613	TRUE	9.414537036475023	modem	0.00411789200943876	English	20th c	English; 20th c	NA	1990	NA	NA	NA	-4.568459233712624	0.4759859489160414	0.8834572573410036	-4.037273545693733	0.268520292389894	0.440127101925332
modern	22	323	-2.686609869864341	345	TRUE	4.5384029624169955	modern	0.06376811594202898	French	18th c	French	French/Latin	1799	NA	NA	NA	-5.457042315227975	0.4172305612501615	0.7491181666101884	-4.676704974854582	0.4988559609270488	0.5074668288596289
moped	18	3353	-5.227238988570064	3371	TRUE	4.231298392599425	moped	0.00533966182141797	French	NA	French	French/Latin	NA	NA	NA	NA	-2.8570657535855766	0.39182891984918944	0.8365954210439795	-1.9673227586800461	0.6341123633550151	0.6383273241185856
motel	617	3365	-1.6963142181734403	3982	TRUE	22.834131008758867	motel	0.15494726268206932	English	20th c	English; 20th c	NA	1958	nemzetközi	TRUE	international word	-2.522077337539238	0.6443784878258522	0.7702966593415743	-1.911362398450608	0.8541783638989437	0.5156352371668897
muter	745	102	1.9884114050952884	847	TRUE	9.471887192601812	muter	0.8795749704840614	German	19th c	German; 19th c	German/Yiddish	1840	német	FALSE	NA	-0.861545114376568	0.6885862216653145	0.7917551259850155	0.09154616236838553	0.9780513373906499	0.4553605857417069
mutter	222	107	0.7298485474103733	329	TRUE	8.497094085788126	mutter	0.6747720364741642	German	19th c	German; 19th c	German/Yiddish	1840	NA	NA	NA	-1.611557726448151	0.8052747889076394	0.5579589638849365	-0.9385991687855351	0.6396868488789631	0.5886835339413665
mágnes	10	15983	-7.376695843374607	15993	TRUE	3.1612888612760757	mágneš	6.252735571812671e-4	Latin	16th c	Latin	French/Latin	1577	latin	FALSE	NA	-3.018378739016268	0.5823620505397762	0.6602117747546283	-4.427989005465793	0.38279258107559505	0.44620190671738635
nonszensz	2	1980	-6.897704943128636	1982	TRUE	1.413499853742037	nonsens	0.00100908173562058	French	NA	French	French/Latin	NA	NA	NA	NA	-5.088109936382272	0.3112888450813234	0.47537172478634826	-3.8517612235828635	0.45965488586576236	0.3506578231151787
notesz	628	3797	-1.7994263937636037	4425	TRUE	23.213652713788587	notes	0.14192090395480225	English	19th c	English; 19th c	NA	1873	nemzetközi	TRUE	international word	-2.7954364334188337	0.5009297133904376	0.828688958715602	-3.623028174620492	0.6228290762900434	0.8998484032568773
okker	41	440	-2.373202660207999	481	TRUE	6.124148716776684	okker	0.08523908523908524	German	17th c	German; 17th c	German/Yiddish	1682	német	FALSE	NA	-2.2328403185436096	0.6950081867756246	0.6713307717797575	-2.2032972964204234	0.773412633679322	0.9586647972334745
omlett	9	3760	-6.0349496590477205	3769	TRUE	2.9964160072158346	omlett	0.00238790130007959	French	19th c	French	French/Latin	1848	francia	FALSE	NA	-4.497235450345924	0	0.4673315261088742	-2.1635052285475966	0.8669298575099288	0.7858022203851529
pajesz	271	14	2.963061491264442	285	TRUE	3.648599827571448	pajes	0.9508771929824562	Yiddish	19th c	Yiddish	German/Yiddish	1875	jiddis	FALSE	NA	-0.6658823656397383	0.45780324497492353	0.6166282890769815	-1.393725651026867	0.6606641377745002	0.509052995696072
pakett	61	889	-2.6792233713405933	950	TRUE	7.555339694198854	pakett	0.06421052631578947	French	NA	French	French/Latin	NA	NA	NA	NA	-3.505567052494008	0.04374981268413901	0.4988737087072674	-5.189351872397953	0.4318432871912637	0.1723719566519219
pamflet	10	1647	-5.104125637183595	1657	TRUE	3.152721042183242	pamflet	0.0060350030175015	German	18th c	German; 18th c	German/Yiddish	1796	nemzetközi	TRUE	international word	-1.8733662663852253	0.41551110706375977	0.28766137856651813	-5.253956233954987	0.3791980244048842	0.3465642773380895
panel	13651	66278	-1.580045238067159	79929	TRUE	106.39341301518884	panel	0.1707890753043326	German	20th c	German; 20th c	German/Yiddish	1953	nemzetközi	TRUE	international word	-1.5737497261725528	0.6289892117732548	0.6047318662480085	-4.737622065348907	0.42166683056137716	0.6718391693963518
parkett	355	9332	-3.269086843665905	9687	TRUE	18.492979648324823	parkett	0.03664705275110973	German	19th c	German; 19th c	German/Yiddish	1817	német	FALSE	NA	-3.324187432925715	0.08968100926016681	0.10403238705313621	-2.5269401925245836	0.5376581809032457	0.7363918166588047
parszek	9	177	-2.9789251552376097	186	TRUE	2.9265194564588595	parsek	0.04838709677419355	English	20th c	English; 20th c	NA	1990	NA	NA	NA	-1.0153057456872527	0.49841040640010575	0.2997545882756735	-4.436748198027519	0.346109282688369	0.6210809420727111
partner	471	655199	-7.237836191251888	655670	TRUE	21.69473801503814	partner	7.183491695517563e-4	English	19th c	English; 19th c	NA	1839	nemzetközi	TRUE	international word	-3.4929131756571064	0.8274034472422902	0.2689023577922216	-5.103615136309948	0.41183047433423964	0.4854566574875437
pasztell	84	2083	-3.210747642417658	2167	TRUE	8.985760154603966	pastell	0.03876326718966313	NA	18th c	NA	NA	1788	olasz (é	FALSE	NA	-4.04834223382883	0.5966512505387017	0.23468982505895727	-2.9600807648743004	0.5525218257790896	0.9169155323555432
plakett	83	6871	-4.416224327234478	6954	TRUE	9.055901232806024	plakett	0.01193557664653436	French	19th c	French	French/Latin	1897	francia	FALSE	NA	-2.261803937673939	0.09844690189182376	0.36899358576899	-4.2284430832344535	0.4941944495706164	0.819001289548607
pollen	7	10478	-7.311122950912852	10485	TRUE	2.6448679848206482	pollen	6.676204101096804e-4	Latin	18th c	Latin	French/Latin	1800	NA	NA	NA	-5.4341635229255445	0.5181935637200838	0.41908141427213325	-4.311235102418056	0.42827652880115313	0.8580640205459955
poszter	40	15402	-5.953373195985259	15442	TRUE	6.316358640738779	poster	0.0025903380391141	English	NA	NA	NA	NA	NA	NA	NA	-4.022223045210324	0.7694049886703677	0.44504390192048504	-4.801644770076224	0.5044350999854519	0.6577808182225632
prakker	32	40	-0.2231435513142097	72	TRUE	4.216370213557839	prakker	0.4444444444444444	NA	NA	NA	NA	NA	NA	NA	NA	-4.495772377379246	0.8739461489506987	0.3278599182486397	-2.1734082985376935	0.39362314472929316	0.5026159052839421
projekt	193	704053	-8.201918727492497	704246	TRUE	13.890540233223266	projekt	2.7405196479639234e-4	English	NA	NA	NA	NA	NA	NA	NA	-2.6753776394242363	0.10971319108778203	0.4607942623008029	-6.456990669993098	0	0.41545931635781225
puffer	272	4314	-2.763818760653104	4586	TRUE	15.995856419413522	puffer	0.05931094635848234	English	NA	NA	NA	NA	NA	NA	NA	-2.339797856691667	0.7669218760152098	0.47213360852912684	-5.125498202845234	0.20197068968269008	0.5826869640018376
pátens	2	616	-5.730099782973574	618	TRUE	1.4119233364778043	pátenš	0.00323624595469255	Latin	17th c	Latin	French/Latin	1614	latin	FALSE	NA	-6.385595792946627	0.2846484367019198	0.786881036816532	-4.151453933382149	0.7031230250745902	0.1454410263150553
páter	32	923	-3.3618933317031257	955	TRUE	5.561272218755298	páter	0.03350785340314136	Latin	16th c	Latin	French/Latin	1585	latin	FALSE	NA	-3.3099460780144994	0.6978764643416377	0.7437230320570357	-3.1839344444576314	0.8152496396063913	0.13135562997805988
póker	78	4730	-4.104971654796387	4808	TRUE	8.7598292783036	póker	0.01622296173044925	German	19th c	German; 19th c	German/Yiddish	1873	nemzetközi	TRUE	international word	-2.638236290146062	0.6330536684070452	0.7653721458840705	-4.438645706437301	0.5863774253252624	0.4787741123785166
púder	140	4318	-3.4289051884654485	4458	TRUE	11.644887702366123	púder	0.03140421713772992	German	18th c	German; 18th c	German/Yiddish	1713	német	FALSE	NA	-1.4678264634129203	0.6717752230056733	0.779696361804505	-2.67037467898658	0.3828285148044148	0.8833299757077098
raszter	47	1230	-3.2646218466564045	1277	TRUE	6.72831066820824	raster	0.03680501174628035	English	20th c	English; 20th c	NA	1950	NA	NA	NA	-2.927968760187939	0.8086355323862853	0.41329302351119673	-4.272128668283378	0.3489257306752206	0.7639694483100811
rocker	12	6309	-6.264825814582809	6321	TRUE	3.4608118692720846	rokker	0.00189843379212149	English	20th c	English; 20th c	NA	1950	NA	NA	NA	-3.2977554645624494	0.7472903404518519	0.5193880691009766	-2.4221077590956863	0.8130122236132453	0.363468498430662
roller	372	5646	-2.719808754540288	6018	TRUE	18.681675113459857	roller	0.06181455633100698	German	20th c	German; 20th c	German/Yiddish	1932	német	FALSE	NA	-5.518639567907563	0.7054895434271548	0.39544651645960344	-3.5292176724960207	0.5720004110809802	0.6310683685700678
rubel	119	3917	-3.493957840554302	4036	TRUE	10.746689166788618	rubel	0.0294846382556987	NA	18th c	NA	NA	1725	vándorszó	FALSE	NA	-2.7671181451332583	0.6534352910009806	0.8135121784619554	-4.204762214107584	0.5351436601514684	0.31471511207731545
rulett	40	3046	-4.332705079341171	3086	TRUE	6.283432938132655	rulett	0.01296176279974076	French	19th c	French	French/Latin	1818	nemzetközi	TRUE	international word	-4.53275808070441	0.030824765659283517	0.5385390873087772	-3.946687170449352	0.6539576635507958	0.2957933226271135
sakter	46	226	-1.591893602783191	272	TRUE	6.182280180911741	šakter	0.1691176470588235	Yiddish	18th c	Yiddish	German/Yiddish	1782	jiddis	FALSE	NA	-1.9190801394802541	0.8034442674632453	0.46447017467394913	-3.6133644847379918	0.6985679096414231	0.4183683309308993
saller	96	3971	-3.722425039663415	4067	TRUE	9.681629833509216	šaller	0.02360462257192033	German	NA	NA	German/Yiddish	NA	NA	NA	NA	-2.204328026011481	0.7331100843022791	0.31739058216539023	-2.9290335661478384	0.796285548798919	0.3495499539897585
samesz	484	188	0.9456429438866824	672	TRUE	11.636355181273984	šames	0.7202380952380952	Yiddish	19th c	Yiddish	German/Yiddish	1864	jiddis	FALSE	NA	0.46183685055612117	0.4926938192107723	0.7377546929487128	-1.35349404474989	0.7992883763374021	0.3889062164071028
skanzen	829	9519	-2.44082492511601	10348	TRUE	27.614979086814653	škanzen	0.08011209895632007	NA	NA	NA	NA	NA	NA	NA	NA	-1.513470239778227	0.6808536375812486	0.37560694121450255	-4.218814807774253	0.6600933614594786	0.3752436358553308
sláger	34	52571	-7.343559391272451	52605	TRUE	5.829067241212422	šláger	6.46326394829389e-4	German	19th c	German; 19th c	German/Yiddish	1854	német (au	FALSE	NA	-3.4726765169612634	0.8117121960894236	0.6483702118810999	-4.849879912287667	0.6821207213583801	0.48159927733039015
sparherd	11	139	-2.5365786603323213	150	TRUE	3.1927000067863145	šparherd	0.07333333333333333	German	NA	NA	German/Yiddish	NA	NA	NA	NA	-2.0884363742836305	0.5668958582758503	0	-1.345504704223795	0.763009235360488	0.8490025436612414
srapnel	10	320	-3.4657359027997265	330	TRUE	3.113995776646092	šrapnel	0.0303030303030303	German	19th c	German; 19th c	German/Yiddish	1848	nemzetközi	TRUE	international word	-2.463407834230415	0.8807192197676056	0.41974243845579134	-2.7570630927292887	0.7684632178054306	0.6291343887726282
stukker	113	510	-1.507022907006031	623	TRUE	9.617900646247678	štukker	0.1813804173354735	German	NA	NA	German/Yiddish	NA	NA	NA	NA	-1.7425995289248428	0.9311426099162095	0.48621520826111375	-0.8239529798364191	0.8089956829175778	0.4379909298132519
subler	10	64	-1.8562979903656265	74	TRUE	2.940858488375231	šubler	0.1351351351351351	NA	NA	NA	NA	NA	NA	NA	NA	-2.8956995508992422	0.7479333313023782	0.5572704300996169	-2.5252039328312526	0.5579287718067834	0.537129320077669
sumer	985	684	0.3646837235495385	1669	TRUE	20.091760739431106	šumer	0.5901737567405633	NA	NA	NA	NA	NA	NA	NA	NA	-1.6686621159509905	0.6660649218880872	0.802508119437133	-4.5991981000018205	0.6029130826595125	0.42664093466749003
suszter	178	747	-1.434281634840732	925	TRUE	11.989454826097266	šuster	0.1924324324324325	German	17th c	German; 17th c	German/Yiddish	1608	német (baj	FALSE	NA	-2.6596794502808674	0.8407200520260063	0.5056967363015108	-0.786232003625787	0.9333791740879349	0.32391500086902614
szkander	139	375	-0.9924520928397192	514	TRUE	10.0702783395781	skander	0.2704280155642023	NA	NA	NA	NA	NA	NA	NA	NA	-2.669991427201445	0.8844184593486251	0.36226111130546335	-3.1953820268115596	0.7023470056779758	0.27044706624155157
szlogen	25	31893	-7.151266004088514	31918	TRUE	4.9980414736766905	slogen	7.832570963092926e-4	French	NA	French	French/Latin	NA	NA	NA	NA	-4.170952715834005	0.5917814170990834	0.7461736478439618	-4.674757140403003	0.39153962821020977	0.1333796987823315
szoftver	61	191360	-8.051037885571093	191421	TRUE	7.809005133270775	softver	3.18669320502975e-4	English	20th c	English; 20th c	NA	1990	NA	NA	NA	-2.2205491165510836	0.9153814335890105	0.47754175382019165	-5.4956518687806195	0.1477405115623555	0.250233668954246
szonett	20	4499	-5.4158781552871815	4519	TRUE	4.4622286855089754	sonett	0.00442575791104226	French	18th c	French	French/Latin	1789	nemzetközi	TRUE	international word	-6.340370689822011	0.015095802444744719	0.610972850898813	-4.854544592591634	0.5068615594498531	0.3016584250524951
szovjet	8	31869	-8.289947487768288	31877	TRUE	2.8280721848703148	sovjet	2.509646453555854e-4	NA	19th c	NA	NA	1895	orosz	FALSE	NA	-3.1154861413551505	0.38597236993067663	0.5136628659671376	-2.776631040662221	0.5951451686740141	0.3073659459007788
szubrett	1	425	-6.052089168924417	426	TRUE	0.9988256014738632	subrett	0.00234741784037558	French	NA	French	French/Latin	NA	NA	NA	NA	-4.751602328295868	0.04734725849782683	0.38403379650416397	-2.8700475549997195	0.7950364056756498	0.4977035796955562
sábesz	10	102	-2.3223877202902252	112	TRUE	3.017804310611087	šábes	0.0892857142857143	Yiddish	NA	Yiddish	German/Yiddish	NA	NA	NA	NA	-3.655887298076718	0.5001752650756401	0.8863304094419375	-2.205147649310114	0.7278968023127821	0.647765061868374
sóder	373	1294	-1.2439150554170304	1667	TRUE	17.01585414081737	šóder	0.22375524895020996	German	18th c	German; 18th c	German/Yiddish	1781	német (baj	FALSE	NA	-2.4916635046630065	0.6973158978642225	0.8418269521885833	-2.097638297116726	0.7512496813905623	0.9958193485105694
sólet	86	1280	-2.700268060660155	1366	TRUE	8.97695112704393	šólet	0.0629575402635432	Yiddish	19th c	Yiddish	German/Yiddish	1870	jiddis	FALSE	NA	-2.3877455993608856	0.32606310963286517	0.7113337669223453	-2.0759603961076962	0.7744422843054033	0.6952569029534513
tandem	20	2024	-4.617098756853365	2044	TRUE	4.450202836248853	tandem	0.00978473581213307	French	NA	French	French/Latin	NA	NA	NA	NA	-3.663568537180666	0.6271719380061896	0.493599968842234	-4.424269815620695	0.3417742805270758	0.44424461393146236
token	6	3934	-6.48565252972095	3940	TRUE	2.4476239384681704	token	0.0015228426395939	English	NA	NA	NA	NA	NA	NA	NA	-6.039547433502156	0.4647999253283272	0.8423836023409785	-4.420299108081863	0.2878620191613859	0.6388279550084422
totem	2	2021	-6.918200536843676	2023	TRUE	1.4135143220028468	totem	9.886307464162137e-4	NA	19th c	NA	NA	1845	NA	NA	NA	-4.237570030743384	0.525377698751507	0.8505042598296273	-2.5780170451032784	0.5722116086532145	0.7272902335850494
transzfer	36	13467	-5.9244785889939315	13503	TRUE	5.991996439300815	transfer	0.00266607420573206	English	NA	NA	NA	NA	NA	NA	NA	-2.402582252562568	1	0.21656854828050034	-5.567326369375253	0.25489227102204554	0.5537892603407739
traverz	16	427	-3.284195290988843	443	TRUE	3.9271009531412	traverz	0.03611738148984199	NA	NA	NA	NA	NA	NA	NA	NA	-1.4107424330951877	0.5532168439990185	0.46244781578794436	-1.4609557672591766	0.7098908938554466	0.64412653917783
tróger	79	756	-2.258593523712511	835	TRUE	8.457289666494463	tróger	0.0946107784431138	German	17th c	German; 17th c	German/Yiddish	1623	német (baj	FALSE	NA	-4.731296846970874	0.8019356193585641	0.6750092287384467	-1.2744627491794196	0.9182173667395481	0.35646288713739444
valcer	16	225	-2.643511679964639	241	TRUE	3.864939758404985	valcer	0.06639004149377592	German	18th c	German; 18th c	German/Yiddish	1793	német (au	FALSE	NA	-2.284506124284255	0.7523230759461906	0.37577831412411594	-3.7466252260755493	0.7821265259634668	0.41350710659360934
vamzer	9	107	-2.4756042571256867	116	TRUE	2.8812712711459563	vamzer	0.07758620689655173	German	NA	NA	German/Yiddish	NA	NA	NA	NA	-1.3860570348662429	0.7505310756502125	0.45842625777074586	-1.0382713573231792	0.8697900484050524	0.2863869219655775
vátesz	1	737	-6.602587892189336	738	TRUE	0.9993222635615924	vátes	0.0013550135501355	Latin	NA	Latin	French/Latin	NA	NA	NA	NA	-1.5211852779713801	0.5415921187098164	0.8594751454468489	-3.2405968355467616	0.8362120242560787	0.15324425440693387
zsakett	67	413	-1.8187549735700668	480	TRUE	7.592622515749526	žakett	0.13958333333333334	French	19th c	French	French/Latin	1858	nemzetközi	TRUE	international word	-3.0242667114633983	0.04317289168428776	0.5491157798641788	-1.7829663036161632	0.7496205634094759	0.729109427838359
zsorzsett	1	58	-4.060443010546419	59	TRUE	0.9914892069294688	žoržett	0.01694915254237288	French	NA	French	French/Latin	NA	NA	NA	NA	-3.7488461180549253	0.04306742751732113	0.23608775261053228	-1.308862162275033	0.80188299220143	0.7949837812046302
zsáner	19	6539	-5.841100548394835	6558	TRUE	4.35258000839625	žáner	0.00289722476364745	French	NA	French	French/Latin	NA	NA	NA	NA	-3.0822588933509922	0.677746052718568	0.7683779849500325	-4.859810388631301	0.5839306098169927	0.3832727021989922
ágens	7	7110	-6.923347373741973	7117	TRUE	2.644449862745976	ágenš	9.835604889700718e-4	Latin	17th c	Latin	French/Latin	1616	latin	FALSE	NA	-5.876764212505792	0.2309238811800481	0.9064625379934536	-6.300493299907038	0.2465137727269551	0.15463707678966906
ájer	15	67	-1.496642418288756	82	TRUE	3.5008709717691127	ájer	0.18292682926829268	Latin	16th c	Latin	French/Latin	1565	latin	FALSE	NA	-2.7122920089991	0.6441793240218258	0.7971858082996246	-2.447819635710725	0.7863570349266035	0.6327089463672735
ámen	1	445	-6.09807428216624	446	TRUE	0.998878294655376	ámen	0.00224215246636771	Latin	before 16th c	Latin	French/Latin	1200	latin	FALSE	NA	-5.243731669711426	0.46272268117075305	0.9689093392422496	-2.6292049363241174	0.7827546801135531	0.49010121129687884
